legacy_area_id,legacy_area_title,new_mission_id,new_area_id,new_area_title,mapping_rule
g5_lq_t1_m01_a01,Parade Meadow,g5_lq_t1_m01,g5_lq_t1_m01_a01,Parade Meadow,content_merged_into_optimized_three_area_mission
g5_lq_t1_m01_a02,Banner Bridge,g5_lq_t1_m01,g5_lq_t1_m01_a01,Parade Meadow,content_merged_into_optimized_three_area_mission
g5_lq_t1_m01_a03,Drumbeat Lane,g5_lq_t1_m01,g5_lq_t1_m01_a02,Drumbeat Lane,content_merged_into_optimized_three_area_mission
g5_lq_t1_m01_a04,Lantern Plaza,g5_lq_t1_m01,g5_lq_t1_m01_a02,Drumbeat Lane,content_merged_into_optimized_three_area_mission
g5_lq_t1_m01_a05,Freedom Stage,g5_lq_t1_m01,g5_lq_t1_m01_a03,Freedom Stage,content_merged_into_optimized_three_area_mission
g5_lq_t1_m01_final_challenge,Former Final Challenge,g5_lq_t1_m01,g5_lq_t1_m01_a03,Freedom Stage,integrated_into_area_3
g5_lq_t1_m02_a01,Clock Gate,g5_lq_t1_m02,g5_lq_t1_m02_a01,Clock Gate,content_merged_into_optimized_three_area_mission
g5_lq_t1_m02_a02,Witness Garden,g5_lq_t1_m02,g5_lq_t1_m02_a01,Clock Gate,content_merged_into_optimized_three_area_mission
g5_lq_t1_m02_a03,Analogy Alley,g5_lq_t1_m02,g5_lq_t1_m02_a02,Analogy Alley,content_merged_into_optimized_three_area_mission
g5_lq_t1_m02_a04,Council Hall,g5_lq_t1_m02,g5_lq_t1_m02_a02,Analogy Alley,content_merged_into_optimized_three_area_mission
g5_lq_t1_m02_a05,Bell Tower,g5_lq_t1_m02,g5_lq_t1_m02_a03,Bell Tower,content_merged_into_optimized_three_area_mission
g5_lq_t1_m02_final_challenge,Former Final Challenge,g5_lq_t1_m02,g5_lq_t1_m02_a03,Bell Tower,integrated_into_area_3
g5_lq_t1_m03_a01,Echo Arcade,g5_lq_t1_m03,g5_lq_t1_m03_a01,Echo Arcade,content_merged_into_optimized_three_area_mission
g5_lq_t1_m03_a02,Alliteration Alley,g5_lq_t1_m03,g5_lq_t1_m03_a01,Echo Arcade,content_merged_into_optimized_three_area_mission
g5_lq_t1_m03_a03,Figure Studio,g5_lq_t1_m03,g5_lq_t1_m03_a02,Figure Studio,content_merged_into_optimized_three_area_mission
g5_lq_t1_m03_a04,Gesture Theater,g5_lq_t1_m03,g5_lq_t1_m03_a02,Figure Studio,content_merged_into_optimized_three_area_mission
g5_lq_t1_m03_a05,Cultural Gallery,g5_lq_t1_m03,g5_lq_t1_m03_a03,Cultural Gallery,content_merged_into_optimized_three_area_mission
g5_lq_t1_m03_final_challenge,Former Final Challenge,g5_lq_t1_m03,g5_lq_t1_m03_a03,Cultural Gallery,integrated_into_area_3
g5_lq_t1_m04_a01,Headline Dock,g5_lq_t1_m04,g5_lq_t1_m04_a01,Headline Dock,content_merged_into_optimized_three_area_mission
g5_lq_t1_m04_a02,Detail Market,g5_lq_t1_m04,g5_lq_t1_m04_a01,Headline Dock,content_merged_into_optimized_three_area_mission
g5_lq_t1_m04_a03,Fact–Opinion Court,g5_lq_t1_m04,g5_lq_t1_m04_a02,Fact–Opinion Court,content_merged_into_optimized_three_area_mission
g5_lq_t1_m04_a04,Outline Workshop,g5_lq_t1_m04,g5_lq_t1_m04_a02,Fact–Opinion Court,content_merged_into_optimized_three_area_mission
g5_lq_t1_m04_a05,Broadcast Balcony,g5_lq_t1_m04,g5_lq_t1_m04_a03,Broadcast Balcony,content_merged_into_optimized_three_area_mission
g5_lq_t1_m04_final_challenge,Former Final Challenge,g5_lq_t1_m04,g5_lq_t1_m04_a03,Broadcast Balcony,integrated_into_area_3
g5_lq_t1_m05_a01,Source Library,g5_lq_t1_m05,g5_lq_t1_m05_a01,Source Library,content_merged_into_optimized_three_area_mission
g5_lq_t1_m05_a02,Narrative Workshop,g5_lq_t1_m05,g5_lq_t1_m05_a01,Source Library,content_merged_into_optimized_three_area_mission
g5_lq_t1_m05_a03,Clarity Foundry,g5_lq_t1_m05,g5_lq_t1_m05_a02,Clarity Foundry,content_merged_into_optimized_three_area_mission
g5_lq_t1_m05_a04,Visual Design Hall,g5_lq_t1_m05,g5_lq_t1_m05_a02,Clarity Foundry,content_merged_into_optimized_three_area_mission
g5_lq_t1_m05_a05,Chronicle Vault,g5_lq_t1_m05,g5_lq_t1_m05_a03,Chronicle Vault,content_merged_into_optimized_three_area_mission
g5_lq_t1_m05_final_challenge,Former Final Challenge,g5_lq_t1_m05,g5_lq_t1_m05_a03,Chronicle Vault,integrated_into_area_3
g5_lq_t2_m01_a01,Crescent Courtyard,g5_lq_t2_m01,g5_lq_t2_m01_a01,Crescent Courtyard,content_merged_into_optimized_three_area_mission
g5_lq_t2_m01_a02,Invitation Workshop,g5_lq_t2_m01,g5_lq_t2_m01_a01,Crescent Courtyard,content_merged_into_optimized_three_area_mission
g5_lq_t2_m01_a03,Schedule Walk,g5_lq_t2_m01,g5_lq_t2_m01_a02,Schedule Walk,content_merged_into_optimized_three_area_mission
g5_lq_t2_m01_a04,Quiet Reflection Garden,g5_lq_t2_m01,g5_lq_t2_m01_a02,Schedule Walk,content_merged_into_optimized_three_area_mission
g5_lq_t2_m01_a05,Community Hall,g5_lq_t2_m01,g5_lq_t2_m01_a03,Community Hall,content_merged_into_optimized_three_area_mission
g5_lq_t2_m01_final_challenge,Former Final Challenge,g5_lq_t2_m01,g5_lq_t2_m01_a03,Community Hall,integrated_into_area_3
g5_lq_t2_m02_a01,Red Gate,g5_lq_t2_m02,g5_lq_t2_m02_a01,Red Gate,content_merged_into_optimized_three_area_mission
g5_lq_t2_m02_a02,Family Workshop,g5_lq_t2_m02,g5_lq_t2_m02_a01,Red Gate,content_merged_into_optimized_three_area_mission
g5_lq_t2_m02_a03,Seven-Lantern Lane,g5_lq_t2_m02,g5_lq_t2_m02_a02,Seven-Lantern Lane,content_merged_into_optimized_three_area_mission
g5_lq_t2_m02_a04,Word Cabinet,g5_lq_t2_m02,g5_lq_t2_m02_a02,Seven-Lantern Lane,content_merged_into_optimized_three_area_mission
g5_lq_t2_m02_a05,Chronicle Stage,g5_lq_t2_m02,g5_lq_t2_m02_a03,Chronicle Stage,content_merged_into_optimized_three_area_mission
g5_lq_t2_m02_final_challenge,Former Final Challenge,g5_lq_t2_m02,g5_lq_t2_m02_a03,Chronicle Stage,integrated_into_area_3
g5_lq_t2_m03_a01,Source Desk,g5_lq_t2_m03,g5_lq_t2_m03_a01,Source Desk,content_merged_into_optimized_three_area_mission
g5_lq_t2_m03_a02,Purpose Board,g5_lq_t2_m03,g5_lq_t2_m03_a01,Source Desk,content_merged_into_optimized_three_area_mission
g5_lq_t2_m03_a03,Detail Rooms,g5_lq_t2_m03,g5_lq_t2_m03_a02,Detail Rooms,content_merged_into_optimized_three_area_mission
g5_lq_t2_m03_a04,Comparison Bridge,g5_lq_t2_m03,g5_lq_t2_m03_a02,Detail Rooms,content_merged_into_optimized_three_area_mission
g5_lq_t2_m03_a05,Editor’s Booth,g5_lq_t2_m03,g5_lq_t2_m03_a03,Editor’s Booth,content_merged_into_optimized_three_area_mission
g5_lq_t2_m03_final_challenge,Former Final Challenge,g5_lq_t2_m03,g5_lq_t2_m03_a03,Editor’s Booth,integrated_into_area_3
g5_lq_t2_m04_a01,Camera Corner,g5_lq_t2_m04,g5_lq_t2_m04_a01,Camera Corner,content_merged_into_optimized_three_area_mission
g5_lq_t2_m04_a02,Stereotype Mirror,g5_lq_t2_m04,g5_lq_t2_m04_a01,Camera Corner,content_merged_into_optimized_three_area_mission
g5_lq_t2_m04_a03,Interview Room,g5_lq_t2_m04,g5_lq_t2_m04_a02,Interview Room,content_merged_into_optimized_three_area_mission
g5_lq_t2_m04_a04,Evidence Console,g5_lq_t2_m04,g5_lq_t2_m04_a02,Interview Room,content_merged_into_optimized_three_area_mission
g5_lq_t2_m04_a05,Edit Suite,g5_lq_t2_m04,g5_lq_t2_m04_a03,Edit Suite,content_merged_into_optimized_three_area_mission
g5_lq_t2_m04_final_challenge,Former Final Challenge,g5_lq_t2_m04,g5_lq_t2_m04_a03,Edit Suite,integrated_into_area_3
g5_lq_t2_m05_a01,Calendar Archive,g5_lq_t2_m05,g5_lq_t2_m05_a01,Calendar Archive,content_merged_into_optimized_three_area_mission
g5_lq_t2_m05_a02,Story Window,g5_lq_t2_m05,g5_lq_t2_m05_a01,Calendar Archive,content_merged_into_optimized_three_area_mission
g5_lq_t2_m05_a03,Information Window,g5_lq_t2_m05,g5_lq_t2_m05_a02,Information Window,content_merged_into_optimized_three_area_mission
g5_lq_t2_m05_a04,Design Window,g5_lq_t2_m05,g5_lq_t2_m05_a02,Information Window,content_merged_into_optimized_three_area_mission
g5_lq_t2_m05_a05,Review Council,g5_lq_t2_m05,g5_lq_t2_m05_a03,Review Council,content_merged_into_optimized_three_area_mission
g5_lq_t2_m05_final_challenge,Former Final Challenge,g5_lq_t2_m05,g5_lq_t2_m05_a03,Review Council,integrated_into_area_3
g5_lq_t3_m01_a01,Unlabeled Gallery,g5_lq_t3_m01,g5_lq_t3_m01_a01,Unlabeled Gallery,content_merged_into_optimized_three_area_mission
g5_lq_t3_m01_a02,Thread Path,g5_lq_t3_m01,g5_lq_t3_m01_a01,Unlabeled Gallery,content_merged_into_optimized_three_area_mission
g5_lq_t3_m01_a03,Council House,g5_lq_t3_m01,g5_lq_t3_m01_a02,Council House,content_merged_into_optimized_three_area_mission
g5_lq_t3_m01_a04,Caption Workshop,g5_lq_t3_m01,g5_lq_t3_m01_a02,Council House,content_merged_into_optimized_three_area_mission
g5_lq_t3_m01_a05,Permission Loom,g5_lq_t3_m01,g5_lq_t3_m01_a03,Permission Loom,content_merged_into_optimized_three_area_mission
g5_lq_t3_m01_final_challenge,Former Final Challenge,g5_lq_t3_m01,g5_lq_t3_m01_a03,Permission Loom,integrated_into_area_3
g5_lq_t3_m02_a01,River Gate,g5_lq_t3_m02,g5_lq_t3_m02_a01,River Gate,content_merged_into_optimized_three_area_mission
g5_lq_t3_m02_a02,Decision Bend,g5_lq_t3_m02,g5_lq_t3_m02_a01,River Gate,content_merged_into_optimized_three_area_mission
g5_lq_t3_m02_a03,Seven-Stone Crossing,g5_lq_t3_m02,g5_lq_t3_m02_a02,Seven-Stone Crossing,content_merged_into_optimized_three_area_mission
g5_lq_t3_m02_a04,Mood Shore,g5_lq_t3_m02,g5_lq_t3_m02_a02,Seven-Stone Crossing,content_merged_into_optimized_three_area_mission
g5_lq_t3_m02_a05,Story Landing,g5_lq_t3_m02,g5_lq_t3_m02_a03,Story Landing,content_merged_into_optimized_three_area_mission
g5_lq_t3_m02_final_challenge,Former Final Challenge,g5_lq_t3_m02,g5_lq_t3_m02_a03,Story Landing,integrated_into_area_3
g5_lq_t3_m03_a01,Reference Cabin,g5_lq_t3_m03,g5_lq_t3_m03_a01,Reference Cabin,content_merged_into_optimized_three_area_mission
g5_lq_t3_m03_a02,Fact Ridge,g5_lq_t3_m03,g5_lq_t3_m03_a01,Reference Cabin,content_merged_into_optimized_three_area_mission
g5_lq_t3_m03_a03,Outline Pass,g5_lq_t3_m03,g5_lq_t3_m03_a02,Outline Pass,content_merged_into_optimized_three_area_mission
g5_lq_t3_m03_a04,Symbol Trail,g5_lq_t3_m03,g5_lq_t3_m03_a02,Outline Pass,content_merged_into_optimized_three_area_mission
g5_lq_t3_m03_a05,Attribution Peak,g5_lq_t3_m03,g5_lq_t3_m03_a03,Attribution Peak,content_merged_into_optimized_three_area_mission
g5_lq_t3_m03_final_challenge,Former Final Challenge,g5_lq_t3_m03,g5_lq_t3_m03_a03,Attribution Peak,integrated_into_area_3
g5_lq_t3_m04_a01,Poster Square,g5_lq_t3_m04,g5_lq_t3_m04_a01,Poster Square,content_merged_into_optimized_three_area_mission
g5_lq_t3_m04_a02,Image Review Tent,g5_lq_t3_m04,g5_lq_t3_m04_a01,Poster Square,content_merged_into_optimized_three_area_mission
g5_lq_t3_m04_a03,Slogan Workshop,g5_lq_t3_m04,g5_lq_t3_m04_a02,Slogan Workshop,content_merged_into_optimized_three_area_mission
g5_lq_t3_m04_a04,Performance Corner,g5_lq_t3_m04,g5_lq_t3_m04_a02,Slogan Workshop,content_merged_into_optimized_three_area_mission
g5_lq_t3_m04_a05,Approval Board,g5_lq_t3_m04,g5_lq_t3_m04_a03,Approval Board,content_merged_into_optimized_three_area_mission
g5_lq_t3_m04_final_challenge,Former Final Challenge,g5_lq_t3_m04,g5_lq_t3_m04_a03,Approval Board,integrated_into_area_3
g5_lq_t3_m05_a01,Story Gallery,g5_lq_t3_m05,g5_lq_t3_m05_a01,Story Gallery,content_merged_into_optimized_three_area_mission
g5_lq_t3_m05_a02,Information Gallery,g5_lq_t3_m05,g5_lq_t3_m05_a01,Story Gallery,content_merged_into_optimized_three_area_mission
g5_lq_t3_m05_a03,Language Gallery,g5_lq_t3_m05,g5_lq_t3_m05_a02,Language Gallery,content_merged_into_optimized_three_area_mission
g5_lq_t3_m05_a04,Media Gallery,g5_lq_t3_m05,g5_lq_t3_m05_a02,Language Gallery,content_merged_into_optimized_three_area_mission
g5_lq_t3_m05_a05,Community Review Hall,g5_lq_t3_m05,g5_lq_t3_m05_a03,Community Review Hall,content_merged_into_optimized_three_area_mission
g5_lq_t3_m05_final_challenge,Former Final Challenge,g5_lq_t3_m05,g5_lq_t3_m05_a03,Community Review Hall,integrated_into_area_3
g5_peh_t1_m01_a01,Signal Garden,g5_peh_t1_m01,g5_peh_t1_m01_a01,Signal Garden,content_merged_into_optimized_three_area_mission
g5_peh_t1_m01_a02,Breathing Bridge,g5_peh_t1_m01,g5_peh_t1_m01_a01,Signal Garden,content_merged_into_optimized_three_area_mission
g5_peh_t1_m01_a03,Plan Path,g5_peh_t1_m01,g5_peh_t1_m01_a02,Plan Path,content_merged_into_optimized_three_area_mission
g5_peh_t1_m01_a04,Support Station,g5_peh_t1_m01,g5_peh_t1_m01_a02,Plan Path,content_merged_into_optimized_three_area_mission
g5_peh_t1_m01_a05,Rest Grove,g5_peh_t1_m01,g5_peh_t1_m01_a03,Rest Grove,content_merged_into_optimized_three_area_mission
g5_peh_t1_m01_final_challenge,Former Final Challenge,g5_peh_t1_m01,g5_peh_t1_m01_a03,Rest Grove,integrated_into_area_3
g5_peh_t1_m02_a01,Respect Gate,g5_peh_t1_m02,g5_peh_t1_m02_a01,Respect Gate,content_merged_into_optimized_three_area_mission
g5_peh_t1_m02_a02,Voice Steps,g5_peh_t1_m02,g5_peh_t1_m02_a01,Respect Gate,content_merged_into_optimized_three_area_mission
g5_peh_t1_m02_a03,Bystander Corner,g5_peh_t1_m02,g5_peh_t1_m02_a02,Bystander Corner,content_merged_into_optimized_three_area_mission
g5_peh_t1_m02_a04,Trusted Adult Tower,g5_peh_t1_m02,g5_peh_t1_m02_a02,Bystander Corner,content_merged_into_optimized_three_area_mission
g5_peh_t1_m02_a05,Bridge Council,g5_peh_t1_m02,g5_peh_t1_m02_a03,Bridge Council,content_merged_into_optimized_three_area_mission
g5_peh_t1_m02_final_challenge,Former Final Challenge,g5_peh_t1_m02,g5_peh_t1_m02_a03,Bridge Council,integrated_into_area_3
g5_peh_t1_m03_a01,Growth Path,g5_peh_t1_m03,g5_peh_t1_m03_a01,Growth Path,content_merged_into_optimized_three_area_mission
g5_peh_t1_m03_a02,Body Care Fountain,g5_peh_t1_m03,g5_peh_t1_m03_a01,Growth Path,content_merged_into_optimized_three_area_mission
g5_peh_t1_m03_a03,Feeling Greenhouse,g5_peh_t1_m03,g5_peh_t1_m03_a02,Feeling Greenhouse,content_merged_into_optimized_three_area_mission
g5_peh_t1_m03_a04,Privacy Hedge,g5_peh_t1_m03,g5_peh_t1_m03_a02,Feeling Greenhouse,content_merged_into_optimized_three_area_mission
g5_peh_t1_m03_a05,Myth Compost,g5_peh_t1_m03,g5_peh_t1_m03_a03,Myth Compost,content_merged_into_optimized_three_area_mission
g5_peh_t1_m03_final_challenge,Former Final Challenge,g5_peh_t1_m03,g5_peh_t1_m03_a03,Myth Compost,integrated_into_area_3
g5_peh_t1_m04_a01,Listening Fire,g5_peh_t1_m04,g5_peh_t1_m04_a01,Listening Fire,content_merged_into_optimized_three_area_mission
g5_peh_t1_m04_a02,Routine Cabin,g5_peh_t1_m04,g5_peh_t1_m04_a01,Listening Fire,content_merged_into_optimized_three_area_mission
g5_peh_t1_m04_a03,Question Trail,g5_peh_t1_m04,g5_peh_t1_m04_a02,Question Trail,content_merged_into_optimized_three_area_mission
g5_peh_t1_m04_a04,Respect Dock,g5_peh_t1_m04,g5_peh_t1_m04_a02,Question Trail,content_merged_into_optimized_three_area_mission
g5_peh_t1_m04_a05,Support Map,g5_peh_t1_m04,g5_peh_t1_m04_a03,Support Map,content_merged_into_optimized_three_area_mission
g5_peh_t1_m04_final_challenge,Former Final Challenge,g5_peh_t1_m04,g5_peh_t1_m04_a03,Support Map,integrated_into_area_3
g5_peh_t1_m05_a01,Ready Stance Yard,g5_peh_t1_m05,g5_peh_t1_m05_a01,Ready Stance Yard,content_merged_into_optimized_three_area_mission
g5_peh_t1_m05_a02,Agility Lanes,g5_peh_t1_m05,g5_peh_t1_m05_a01,Ready Stance Yard,content_merged_into_optimized_three_area_mission
g5_peh_t1_m05_a03,Strike Zone,g5_peh_t1_m05,g5_peh_t1_m05_a02,Strike Zone,content_merged_into_optimized_three_area_mission
g5_peh_t1_m05_a04,Fielding Circle,g5_peh_t1_m05,g5_peh_t1_m05_a02,Strike Zone,content_merged_into_optimized_three_area_mission
g5_peh_t1_m05_a05,Net/Wall Court,g5_peh_t1_m05,g5_peh_t1_m05_a03,Net/Wall Court,content_merged_into_optimized_three_area_mission
g5_peh_t1_m05_final_challenge,Former Final Challenge,g5_peh_t1_m05,g5_peh_t1_m05_a03,Net/Wall Court,integrated_into_area_3
g5_peh_t2_m01_a01,Purpose Shelf,g5_peh_t2_m01,g5_peh_t2_m01_a01,Purpose Shelf,content_merged_into_optimized_three_area_mission
g5_peh_t2_m01_a02,Label Desk,g5_peh_t2_m01,g5_peh_t2_m01_a01,Purpose Shelf,content_merged_into_optimized_three_area_mission
g5_peh_t2_m01_a03,Trusted Adult Window,g5_peh_t2_m01,g5_peh_t2_m01_a02,Trusted Adult Window,content_merged_into_optimized_three_area_mission
g5_peh_t2_m01_a04,Sharing Stop,g5_peh_t2_m01,g5_peh_t2_m01_a02,Trusted Adult Window,content_merged_into_optimized_three_area_mission
g5_peh_t2_m01_a05,Storage Cabinet,g5_peh_t2_m01,g5_peh_t2_m01_a03,Storage Cabinet,content_merged_into_optimized_three_area_mission
g5_peh_t2_m01_final_challenge,Former Final Challenge,g5_peh_t2_m01,g5_peh_t2_m01_a03,Storage Cabinet,integrated_into_area_3
g5_peh_t2_m02_a01,Measure Gate,g5_peh_t2_m02,g5_peh_t2_m02_a01,Measure Gate,content_merged_into_optimized_three_area_mission
g5_peh_t2_m02_a02,Time Bridge,g5_peh_t2_m02,g5_peh_t2_m02_a01,Measure Gate,content_merged_into_optimized_three_area_mission
g5_peh_t2_m02_a03,Warning Hill,g5_peh_t2_m02,g5_peh_t2_m02_a02,Warning Hill,content_merged_into_optimized_three_area_mission
g5_peh_t2_m02_a04,Look-Alike Fork,g5_peh_t2_m02,g5_peh_t2_m02_a02,Warning Hill,content_merged_into_optimized_three_area_mission
g5_peh_t2_m02_a05,Emergency Post,g5_peh_t2_m02,g5_peh_t2_m02_a03,Emergency Post,content_merged_into_optimized_three_area_mission
g5_peh_t2_m02_final_challenge,Former Final Challenge,g5_peh_t2_m02,g5_peh_t2_m02_a03,Emergency Post,integrated_into_area_3
g5_peh_t2_m03_a01,Message Screen,g5_peh_t2_m03,g5_peh_t2_m03_a01,Message Screen,content_merged_into_optimized_three_area_mission
g5_peh_t2_m03_a02,Body Path,g5_peh_t2_m03,g5_peh_t2_m03_a01,Message Screen,content_merged_into_optimized_three_area_mission
g5_peh_t2_m03_a03,Family House,g5_peh_t2_m03,g5_peh_t2_m03_a02,Family House,content_merged_into_optimized_three_area_mission
g5_peh_t2_m03_a04,Community Corner,g5_peh_t2_m03,g5_peh_t2_m03_a02,Family House,content_merged_into_optimized_three_area_mission
g5_peh_t2_m03_a05,Refusal Bridge,g5_peh_t2_m03,g5_peh_t2_m03_a03,Refusal Bridge,content_merged_into_optimized_three_area_mission
g5_peh_t2_m03_final_challenge,Former Final Challenge,g5_peh_t2_m03,g5_peh_t2_m03_a03,Refusal Bridge,integrated_into_area_3
g5_peh_t2_m04_a01,Energy Gauge,g5_peh_t2_m04,g5_peh_t2_m04_a01,Energy Gauge,content_merged_into_optimized_three_area_mission
g5_peh_t2_m04_a02,Coordination Track,g5_peh_t2_m04,g5_peh_t2_m04_a01,Energy Gauge,content_merged_into_optimized_three_area_mission
g5_peh_t2_m04_a03,Heart and Breath Station,g5_peh_t2_m04,g5_peh_t2_m04_a02,Heart and Breath Station,content_merged_into_optimized_three_area_mission
g5_peh_t2_m04_a04,Recovery Bay,g5_peh_t2_m04,g5_peh_t2_m04_a02,Heart and Breath Station,content_merged_into_optimized_three_area_mission
g5_peh_t2_m04_a05,Team Safety Board,g5_peh_t2_m04,g5_peh_t2_m04_a03,Team Safety Board,content_merged_into_optimized_three_area_mission
g5_peh_t2_m04_final_challenge,Former Final Challenge,g5_peh_t2_m04,g5_peh_t2_m04_a03,Team Safety Board,integrated_into_area_3
g5_peh_t2_m05_a01,Beat Steps,g5_peh_t2_m05,g5_peh_t2_m05_a01,Beat Steps,content_merged_into_optimized_three_area_mission
g5_peh_t2_m05_a02,Balance Bars,g5_peh_t2_m05,g5_peh_t2_m05_a01,Beat Steps,content_merged_into_optimized_three_area_mission
g5_peh_t2_m05_a03,Choice Station,g5_peh_t2_m05,g5_peh_t2_m05_a02,Choice Station,content_merged_into_optimized_three_area_mission
g5_peh_t2_m05_a04,Partner Circle,g5_peh_t2_m05,g5_peh_t2_m05_a02,Choice Station,content_merged_into_optimized_three_area_mission
g5_peh_t2_m05_a05,Cool-Down Garden,g5_peh_t2_m05,g5_peh_t2_m05_a03,Cool-Down Garden,content_merged_into_optimized_three_area_mission
g5_peh_t2_m05_final_challenge,Former Final Challenge,g5_peh_t2_m05,g5_peh_t2_m05_a03,Cool-Down Garden,integrated_into_area_3
g5_peh_t3_m01_a01,Kitchen Check,g5_peh_t3_m01,g5_peh_t3_m01_a01,Kitchen Check,content_merged_into_optimized_three_area_mission
g5_peh_t3_m01_a02,Bathroom Check,g5_peh_t3_m01,g5_peh_t3_m01_a01,Kitchen Check,content_merged_into_optimized_three_area_mission
g5_peh_t3_m01_a03,Bedroom Check,g5_peh_t3_m01,g5_peh_t3_m01_a02,Bedroom Check,content_merged_into_optimized_three_area_mission
g5_peh_t3_m01_a04,Storage Check,g5_peh_t3_m01,g5_peh_t3_m01_a02,Bedroom Check,content_merged_into_optimized_three_area_mission
g5_peh_t3_m01_a05,Family Plan Board,g5_peh_t3_m01,g5_peh_t3_m01_a03,Family Plan Board,content_merged_into_optimized_three_area_mission
g5_peh_t3_m01_final_challenge,Former Final Challenge,g5_peh_t3_m01,g5_peh_t3_m01_a03,Family Plan Board,integrated_into_area_3
g5_peh_t3_m02_a01,Classroom Zone,g5_peh_t3_m02,g5_peh_t3_m02_a01,Classroom Zone,content_merged_into_optimized_three_area_mission
g5_peh_t3_m02_a02,Playground Zone,g5_peh_t3_m02,g5_peh_t3_m02_a01,Classroom Zone,content_merged_into_optimized_three_area_mission
g5_peh_t3_m02_a03,Community Zone,g5_peh_t3_m02,g5_peh_t3_m02_a02,Community Zone,content_merged_into_optimized_three_area_mission
g5_peh_t3_m02_a04,Outdoor Zone,g5_peh_t3_m02,g5_peh_t3_m02_a02,Community Zone,content_merged_into_optimized_three_area_mission
g5_peh_t3_m02_a05,Watch Desk,g5_peh_t3_m02,g5_peh_t3_m02_a03,Watch Desk,content_merged_into_optimized_three_area_mission
g5_peh_t3_m02_final_challenge,Former Final Challenge,g5_peh_t3_m02,g5_peh_t3_m02_a03,Watch Desk,integrated_into_area_3
g5_peh_t3_m03_a01,Stop–Look–Listen Gate,g5_peh_t3_m03,g5_peh_t3_m03_a01,Stop–Look–Listen Gate,content_merged_into_optimized_three_area_mission
g5_peh_t3_m03_a02,Visibility Lane,g5_peh_t3_m03,g5_peh_t3_m03_a01,Stop–Look–Listen Gate,content_merged_into_optimized_three_area_mission
g5_peh_t3_m03_a03,Passenger Bay,g5_peh_t3_m03,g5_peh_t3_m03_a02,Passenger Bay,content_merged_into_optimized_three_area_mission
g5_peh_t3_m03_a04,Weather Crossing,g5_peh_t3_m03,g5_peh_t3_m03_a02,Passenger Bay,content_merged_into_optimized_three_area_mission
g5_peh_t3_m03_a05,Route Planner,g5_peh_t3_m03,g5_peh_t3_m03_a03,Route Planner,content_merged_into_optimized_three_area_mission
g5_peh_t3_m03_final_challenge,Former Final Challenge,g5_peh_t3_m03,g5_peh_t3_m03_a03,Route Planner,integrated_into_area_3
g5_peh_t3_m04_a01,Readiness Desk,g5_peh_t3_m04,g5_peh_t3_m04_a01,Readiness Desk,content_merged_into_optimized_three_area_mission
g5_peh_t3_m04_a02,Warm-Up Track,g5_peh_t3_m04,g5_peh_t3_m04_a01,Readiness Desk,content_merged_into_optimized_three_area_mission
g5_peh_t3_m04_a03,Equipment Bay,g5_peh_t3_m04,g5_peh_t3_m04_a02,Equipment Bay,content_merged_into_optimized_three_area_mission
g5_peh_t3_m04_a04,Technique Zone,g5_peh_t3_m04,g5_peh_t3_m04_a02,Equipment Bay,content_merged_into_optimized_three_area_mission
g5_peh_t3_m04_a05,Response Station,g5_peh_t3_m04,g5_peh_t3_m04_a03,Response Station,content_merged_into_optimized_three_area_mission
g5_peh_t3_m04_final_challenge,Former Final Challenge,g5_peh_t3_m04,g5_peh_t3_m04_a03,Response Station,integrated_into_area_3
g5_peh_t3_m05_a01,Home Start,g5_peh_t3_m05,g5_peh_t3_m05_a01,Home Start,content_merged_into_optimized_three_area_mission
g5_peh_t3_m05_a02,School Rehearsal,g5_peh_t3_m05,g5_peh_t3_m05_a01,Home Start,content_merged_into_optimized_three_area_mission
g5_peh_t3_m05_a03,Road Transfer,g5_peh_t3_m05,g5_peh_t3_m05_a02,Road Transfer,content_merged_into_optimized_three_area_mission
g5_peh_t3_m05_a04,Outdoor Stage,g5_peh_t3_m05,g5_peh_t3_m05_a02,Road Transfer,content_merged_into_optimized_three_area_mission
g5_peh_t3_m05_a05,Final Dance,g5_peh_t3_m05,g5_peh_t3_m05_a03,Final Dance,content_merged_into_optimized_three_area_mission
g5_peh_t3_m05_final_challenge,Former Final Challenge,g5_peh_t3_m05,g5_peh_t3_m05_a03,Final Dance,integrated_into_area_3
g5_sci_t1_m01_a01,Solid Depot,g5_sci_t1_m01,g5_sci_t1_m01_a01,Solid Depot,content_merged_into_optimized_three_area_mission
g5_sci_t1_m01_a02,Liquid Dock,g5_sci_t1_m01,g5_sci_t1_m01_a01,Solid Depot,content_merged_into_optimized_three_area_mission
g5_sci_t1_m01_a03,Gas Balloon Yard,g5_sci_t1_m01,g5_sci_t1_m01_a02,Gas Balloon Yard,content_merged_into_optimized_three_area_mission
g5_sci_t1_m01_a04,Mass Scale,g5_sci_t1_m01,g5_sci_t1_m01_a02,Gas Balloon Yard,content_merged_into_optimized_three_area_mission
g5_sci_t1_m01_a05,Classification Gate,g5_sci_t1_m01,g5_sci_t1_m01_a03,Classification Gate,content_merged_into_optimized_three_area_mission
g5_sci_t1_m01_final_challenge,Former Final Challenge,g5_sci_t1_m01,g5_sci_t1_m01_a03,Classification Gate,integrated_into_area_3
g5_sci_t1_m02_a01,Shape Pier,g5_sci_t1_m02,g5_sci_t1_m02_a01,Shape Pier,content_merged_into_optimized_three_area_mission
g5_sci_t1_m02_a02,Volume Warehouse,g5_sci_t1_m02,g5_sci_t1_m02_a01,Shape Pier,content_merged_into_optimized_three_area_mission
g5_sci_t1_m02_a03,Gas Chamber,g5_sci_t1_m02,g5_sci_t1_m02_a02,Gas Chamber,content_merged_into_optimized_three_area_mission
g5_sci_t1_m02_a04,Temperature Bay,g5_sci_t1_m02,g5_sci_t1_m02_a02,Gas Chamber,content_merged_into_optimized_three_area_mission
g5_sci_t1_m02_a05,Storage Design Dock,g5_sci_t1_m02,g5_sci_t1_m02_a03,Storage Design Dock,content_merged_into_optimized_three_area_mission
g5_sci_t1_m02_final_challenge,Former Final Challenge,g5_sci_t1_m02,g5_sci_t1_m02_a03,Storage Design Dock,integrated_into_area_3
g5_sci_t1_m03_a01,Problem Desk,g5_sci_t1_m03,g5_sci_t1_m03_a01,Problem Desk,content_merged_into_optimized_three_area_mission
g5_sci_t1_m03_a02,Materials Locker,g5_sci_t1_m03,g5_sci_t1_m03_a01,Problem Desk,content_merged_into_optimized_three_area_mission
g5_sci_t1_m03_a03,Unit Match,g5_sci_t1_m03,g5_sci_t1_m03_a02,Unit Match,content_merged_into_optimized_three_area_mission
g5_sci_t1_m03_a04,Procedure Path,g5_sci_t1_m03,g5_sci_t1_m03_a02,Unit Match,content_merged_into_optimized_three_area_mission
g5_sci_t1_m03_a05,Findings Board,g5_sci_t1_m03,g5_sci_t1_m03_a03,Findings Board,content_merged_into_optimized_three_area_mission
g5_sci_t1_m03_final_challenge,Former Final Challenge,g5_sci_t1_m03,g5_sci_t1_m03_a03,Findings Board,integrated_into_area_3
g5_sci_t1_m04_a01,Observation Trail,g5_sci_t1_m04,g5_sci_t1_m04_a01,Observation Trail,content_merged_into_optimized_three_area_mission
g5_sci_t1_m04_a02,Plant Clearing,g5_sci_t1_m04,g5_sci_t1_m04_a01,Observation Trail,content_merged_into_optimized_three_area_mission
g5_sci_t1_m04_a03,Animal Crossing,g5_sci_t1_m04,g5_sci_t1_m04_a02,Animal Crossing,content_merged_into_optimized_three_area_mission
g5_sci_t1_m04_a04,Micro World Station,g5_sci_t1_m04,g5_sci_t1_m04_a02,Animal Crossing,content_merged_into_optimized_three_area_mission
g5_sci_t1_m04_a05,Classification Table,g5_sci_t1_m04,g5_sci_t1_m04_a03,Classification Table,content_merged_into_optimized_three_area_mission
g5_sci_t1_m04_final_challenge,Former Final Challenge,g5_sci_t1_m04,g5_sci_t1_m04_a03,Classification Table,integrated_into_area_3
g5_sci_t1_m05_a01,Underground Storehouse,g5_sci_t1_m05,g5_sci_t1_m05_a01,Underground Storehouse,content_merged_into_optimized_three_area_mission
g5_sci_t1_m05_a02,Thorn Trail,g5_sci_t1_m05,g5_sci_t1_m05_a01,Underground Storehouse,content_merged_into_optimized_three_area_mission
g5_sci_t1_m05_a03,Aerial Root Walk,g5_sci_t1_m05,g5_sci_t1_m05_a02,Aerial Root Walk,content_merged_into_optimized_three_area_mission
g5_sci_t1_m05_a04,Dry Garden,g5_sci_t1_m05,g5_sci_t1_m05_a02,Aerial Root Walk,content_merged_into_optimized_three_area_mission
g5_sci_t1_m05_a05,Flood Garden,g5_sci_t1_m05,g5_sci_t1_m05_a03,Flood Garden,content_merged_into_optimized_three_area_mission
g5_sci_t1_m05_final_challenge,Former Final Challenge,g5_sci_t1_m05,g5_sci_t1_m05_a03,Flood Garden,integrated_into_area_3
g5_sci_t2_m01_a01,Mouth Station,g5_sci_t2_m01,g5_sci_t2_m01_a01,Mouth Station,content_merged_into_optimized_three_area_mission
g5_sci_t2_m01_a02,Gullet Tunnel,g5_sci_t2_m01,g5_sci_t2_m01_a01,Mouth Station,content_merged_into_optimized_three_area_mission
g5_sci_t2_m01_a03,Stomach and Intestine Lab,g5_sci_t2_m01,g5_sci_t2_m01_a02,Stomach and Intestine Lab,content_merged_into_optimized_three_area_mission
g5_sci_t2_m01_a04,Airway Gate,g5_sci_t2_m01,g5_sci_t2_m01_a02,Stomach and Intestine Lab,content_merged_into_optimized_three_area_mission
g5_sci_t2_m01_a05,Systems Link,g5_sci_t2_m01,g5_sci_t2_m01_a03,Systems Link,content_merged_into_optimized_three_area_mission
g5_sci_t2_m01_final_challenge,Former Final Challenge,g5_sci_t2_m01,g5_sci_t2_m01_a03,Systems Link,integrated_into_area_3
g5_sci_t2_m02_a01,Body Diagram Room,g5_sci_t2_m02,g5_sci_t2_m02_a01,Body Diagram Room,content_merged_into_optimized_three_area_mission
g5_sci_t2_m02_a02,Live-Birth Hall,g5_sci_t2_m02,g5_sci_t2_m02_a01,Body Diagram Room,content_merged_into_optimized_three_area_mission
g5_sci_t2_m02_a03,Egg-Laying Hall,g5_sci_t2_m02,g5_sci_t2_m02_a02,Egg-Laying Hall,content_merged_into_optimized_three_area_mission
g5_sci_t2_m02_a04,Stage Timeline,g5_sci_t2_m02,g5_sci_t2_m02_a02,Egg-Laying Hall,content_merged_into_optimized_three_area_mission
g5_sci_t2_m02_a05,Respect Review,g5_sci_t2_m02,g5_sci_t2_m02_a03,Respect Review,content_merged_into_optimized_three_area_mission
g5_sci_t2_m02_final_challenge,Former Final Challenge,g5_sci_t2_m02,g5_sci_t2_m02_a03,Respect Review,integrated_into_area_3
g5_sci_t2_m03_a01,Mammal Path,g5_sci_t2_m03,g5_sci_t2_m03_a01,Mammal Path,content_merged_into_optimized_three_area_mission
g5_sci_t2_m03_a02,Bird Nest,g5_sci_t2_m03,g5_sci_t2_m03_a01,Mammal Path,content_merged_into_optimized_three_area_mission
g5_sci_t2_m03_a03,Plant Bed,g5_sci_t2_m03,g5_sci_t2_m03_a02,Plant Bed,content_merged_into_optimized_three_area_mission
g5_sci_t2_m03_a04,Camouflage Bank,g5_sci_t2_m03,g5_sci_t2_m03_a02,Plant Bed,content_merged_into_optimized_three_area_mission
g5_sci_t2_m03_a05,Mimicry Bend,g5_sci_t2_m03,g5_sci_t2_m03_a03,Mimicry Bend,content_merged_into_optimized_three_area_mission
g5_sci_t2_m03_final_challenge,Former Final Challenge,g5_sci_t2_m03,g5_sci_t2_m03_a03,Mimicry Bend,integrated_into_area_3
g5_sci_t2_m04_a01,Push Lane,g5_sci_t2_m04,g5_sci_t2_m04_a01,Push Lane,content_merged_into_optimized_three_area_mission
g5_sci_t2_m04_a02,Pull Lane,g5_sci_t2_m04,g5_sci_t2_m04_a01,Push Lane,content_merged_into_optimized_three_area_mission
g5_sci_t2_m04_a03,Contact Gate,g5_sci_t2_m04,g5_sci_t2_m04_a02,Contact Gate,content_merged_into_optimized_three_area_mission
g5_sci_t2_m04_a04,Surface Preview,g5_sci_t2_m04,g5_sci_t2_m04_a02,Contact Gate,content_merged_into_optimized_three_area_mission
g5_sci_t2_m04_a05,Fair-Test Setup,g5_sci_t2_m04,g5_sci_t2_m04_a03,Fair-Test Setup,content_merged_into_optimized_three_area_mission
g5_sci_t2_m04_final_challenge,Former Final Challenge,g5_sci_t2_m04,g5_sci_t2_m04_a03,Fair-Test Setup,integrated_into_area_3
g5_sci_t2_m05_a01,Surface Track,g5_sci_t2_m05,g5_sci_t2_m05_a01,Surface Track,content_merged_into_optimized_three_area_mission
g5_sci_t2_m05_a02,Friction Heat Bench,g5_sci_t2_m05,g5_sci_t2_m05_a01,Surface Track,content_merged_into_optimized_three_area_mission
g5_sci_t2_m05_a03,Grip Design,g5_sci_t2_m05,g5_sci_t2_m05_a02,Grip Design,content_merged_into_optimized_three_area_mission
g5_sci_t2_m05_a04,Gravity Drop,g5_sci_t2_m05,g5_sci_t2_m05_a02,Grip Design,content_merged_into_optimized_three_area_mission
g5_sci_t2_m05_a05,Evidence Ramp,g5_sci_t2_m05,g5_sci_t2_m05_a03,Evidence Ramp,content_merged_into_optimized_three_area_mission
g5_sci_t2_m05_final_challenge,Former Final Challenge,g5_sci_t2_m05,g5_sci_t2_m05_a03,Evidence Ramp,integrated_into_area_3
g5_sci_t3_m01_a01,Static Table,g5_sci_t3_m01,g5_sci_t3_m01_a01,Static Table,content_merged_into_optimized_three_area_mission
g5_sci_t3_m01_a02,Circuit Bench,g5_sci_t3_m01,g5_sci_t3_m01_a01,Static Table,content_merged_into_optimized_three_area_mission
g5_sci_t3_m01_a03,Conductor Test,g5_sci_t3_m01,g5_sci_t3_m01_a02,Conductor Test,content_merged_into_optimized_three_area_mission
g5_sci_t3_m01_a04,Insulator Shield,g5_sci_t3_m01,g5_sci_t3_m01_a02,Conductor Test,content_merged_into_optimized_three_area_mission
g5_sci_t3_m01_a05,Electromagnet Crane,g5_sci_t3_m01,g5_sci_t3_m01_a03,Electromagnet Crane,content_merged_into_optimized_three_area_mission
g5_sci_t3_m01_final_challenge,Former Final Challenge,g5_sci_t3_m01,g5_sci_t3_m01_a03,Electromagnet Crane,integrated_into_area_3
g5_sci_t3_m02_a01,Landform Lookout,g5_sci_t3_m02,g5_sci_t3_m02_a01,Landform Lookout,content_merged_into_optimized_three_area_mission
g5_sci_t3_m02_a02,Living Connection,g5_sci_t3_m02,g5_sci_t3_m02_a01,Landform Lookout,content_merged_into_optimized_three_area_mission
g5_sci_t3_m02_a03,Rock Table,g5_sci_t3_m02,g5_sci_t3_m02_a02,Rock Table,content_merged_into_optimized_three_area_mission
g5_sci_t3_m02_a04,Key Station,g5_sci_t3_m02,g5_sci_t3_m02_a02,Rock Table,content_merged_into_optimized_three_area_mission
g5_sci_t3_m02_a05,Soil Corner,g5_sci_t3_m02,g5_sci_t3_m02_a03,Soil Corner,content_merged_into_optimized_three_area_mission
g5_sci_t3_m02_final_challenge,Former Final Challenge,g5_sci_t3_m02,g5_sci_t3_m02_a03,Soil Corner,integrated_into_area_3
g5_sci_t3_m03_a01,Weathering Bank,g5_sci_t3_m03,g5_sci_t3_m03_a01,Weathering Bank,content_merged_into_optimized_three_area_mission
g5_sci_t3_m03_a02,Erosion Channel,g5_sci_t3_m03,g5_sci_t3_m03_a01,Weathering Bank,content_merged_into_optimized_three_area_mission
g5_sci_t3_m03_a03,Deposition Basin,g5_sci_t3_m03,g5_sci_t3_m03_a02,Deposition Basin,content_merged_into_optimized_three_area_mission
g5_sci_t3_m03_a04,Water Cycle Tower,g5_sci_t3_m03,g5_sci_t3_m03_a02,Deposition Basin,content_merged_into_optimized_three_area_mission
g5_sci_t3_m03_a05,Protection Design,g5_sci_t3_m03,g5_sci_t3_m03_a03,Protection Design,content_merged_into_optimized_three_area_mission
g5_sci_t3_m03_final_challenge,Former Final Challenge,g5_sci_t3_m03,g5_sci_t3_m03_a03,Protection Design,integrated_into_area_3
g5_sci_t3_m04_a01,Before Station,g5_sci_t3_m04,g5_sci_t3_m04_a01,Before Station,content_merged_into_optimized_three_area_mission
g5_sci_t3_m04_a02,Signal Desk,g5_sci_t3_m04,g5_sci_t3_m04_a01,Before Station,content_merged_into_optimized_three_area_mission
g5_sci_t3_m04_a03,Home/School Plan,g5_sci_t3_m04,g5_sci_t3_m04_a02,Home/School Plan,content_merged_into_optimized_three_area_mission
g5_sci_t3_m04_a04,During Shelter,g5_sci_t3_m04,g5_sci_t3_m04_a02,Home/School Plan,content_merged_into_optimized_three_area_mission
g5_sci_t3_m04_a05,After Check,g5_sci_t3_m04,g5_sci_t3_m04_a03,After Check,content_merged_into_optimized_three_area_mission
g5_sci_t3_m04_final_challenge,Former Final Challenge,g5_sci_t3_m04,g5_sci_t3_m04_a03,After Check,integrated_into_area_3
g5_sci_t3_m05_a01,Solar Map,g5_sci_t3_m05,g5_sci_t3_m05_a01,Solar Map,content_merged_into_optimized_three_area_mission
g5_sci_t3_m05_a02,Feature Dock,g5_sci_t3_m05,g5_sci_t3_m05_a01,Solar Map,content_merged_into_optimized_three_area_mission
g5_sci_t3_m05_a03,Orbit Walk,g5_sci_t3_m05,g5_sci_t3_m05_a02,Orbit Walk,content_merged_into_optimized_three_area_mission
g5_sci_t3_m05_a04,Phase Theater,g5_sci_t3_m05,g5_sci_t3_m05_a02,Orbit Walk,content_merged_into_optimized_three_area_mission
g5_sci_t3_m05_a05,Model Limits Lab,g5_sci_t3_m05,g5_sci_t3_m05_a03,Model Limits Lab,content_merged_into_optimized_three_area_mission
g5_sci_t3_m05_final_challenge,Former Final Challenge,g5_sci_t3_m05,g5_sci_t3_m05_a03,Model Limits Lab,integrated_into_area_3
g6_lq_t1_m01_a01,Present-Day Plaza,g6_lq_t1_m01,g6_lq_t1_m01_a01,Present-Day Plaza,content_merged_into_optimized_three_area_mission
g6_lq_t1_m01_a02,Memory Gate,g6_lq_t1_m01,g6_lq_t1_m01_a01,Present-Day Plaza,content_merged_into_optimized_three_area_mission
g6_lq_t1_m01_a03,Silent Path,g6_lq_t1_m01,g6_lq_t1_m01_a02,Silent Path,content_merged_into_optimized_three_area_mission
g6_lq_t1_m01_a04,Adverb Stair,g6_lq_t1_m01,g6_lq_t1_m01_a02,Silent Path,content_merged_into_optimized_three_area_mission
g6_lq_t1_m01_a05,Lantern Chamber,g6_lq_t1_m01,g6_lq_t1_m01_a03,Lantern Chamber,content_merged_into_optimized_three_area_mission
g6_lq_t1_m01_final_challenge,Former Final Challenge,g6_lq_t1_m01,g6_lq_t1_m01_a03,Lantern Chamber,integrated_into_area_3
g6_lq_t1_m02_a01,Marker One,g6_lq_t1_m02,g6_lq_t1_m02_a01,Marker One,content_merged_into_optimized_three_area_mission
g6_lq_t1_m02_a02,Markers Two–Four,g6_lq_t1_m02,g6_lq_t1_m02_a01,Marker One,content_merged_into_optimized_three_area_mission
g6_lq_t1_m02_a03,Markers Five–Seven,g6_lq_t1_m02,g6_lq_t1_m02_a02,Markers Five–Seven,content_merged_into_optimized_three_area_mission
g6_lq_t1_m02_a04,Almanac House,g6_lq_t1_m02,g6_lq_t1_m02_a02,Markers Five–Seven,content_merged_into_optimized_three_area_mission
g6_lq_t1_m02_a05,Blank Eighth Marker,g6_lq_t1_m02,g6_lq_t1_m02_a03,Blank Eighth Marker,content_merged_into_optimized_three_area_mission
g6_lq_t1_m02_final_challenge,Former Final Challenge,g6_lq_t1_m02,g6_lq_t1_m02_a03,Blank Eighth Marker,integrated_into_area_3
g6_lq_t1_m03_a01,Slogan Gate,g6_lq_t1_m03,g6_lq_t1_m03_a01,Slogan Gate,content_merged_into_optimized_three_area_mission
g6_lq_t1_m03_a02,Irony Alley,g6_lq_t1_m03,g6_lq_t1_m03_a01,Slogan Gate,content_merged_into_optimized_three_area_mission
g6_lq_t1_m03_a03,Description Studio,g6_lq_t1_m03,g6_lq_t1_m03_a02,Description Studio,content_merged_into_optimized_three_area_mission
g6_lq_t1_m03_a04,Performance Block,g6_lq_t1_m03,g6_lq_t1_m03_a02,Description Studio,content_merged_into_optimized_three_area_mission
g6_lq_t1_m03_a05,Design Press,g6_lq_t1_m03,g6_lq_t1_m03_a03,Design Press,content_merged_into_optimized_three_area_mission
g6_lq_t1_m03_final_challenge,Former Final Challenge,g6_lq_t1_m03,g6_lq_t1_m03_a03,Design Press,integrated_into_area_3
g6_lq_t1_m04_a01,Assignment Desk,g6_lq_t1_m04,g6_lq_t1_m04_a01,Assignment Desk,content_merged_into_optimized_three_area_mission
g6_lq_t1_m04_a02,Outline Board,g6_lq_t1_m04,g6_lq_t1_m04_a01,Assignment Desk,content_merged_into_optimized_three_area_mission
g6_lq_t1_m04_a03,Evidence Room,g6_lq_t1_m04,g6_lq_t1_m04_a02,Evidence Room,content_merged_into_optimized_three_area_mission
g6_lq_t1_m04_a04,Influence Monitor,g6_lq_t1_m04,g6_lq_t1_m04_a02,Evidence Room,content_merged_into_optimized_three_area_mission
g6_lq_t1_m04_a05,Editor’s Table,g6_lq_t1_m04,g6_lq_t1_m04_a03,Editor’s Table,content_merged_into_optimized_three_area_mission
g6_lq_t1_m04_final_challenge,Former Final Challenge,g6_lq_t1_m04,g6_lq_t1_m04_a03,Editor’s Table,integrated_into_area_3
g6_lq_t1_m05_a01,Voice Gallery,g6_lq_t1_m05,g6_lq_t1_m05_a01,Voice Gallery,content_merged_into_optimized_three_area_mission
g6_lq_t1_m05_a02,Timeline Hall,g6_lq_t1_m05,g6_lq_t1_m05_a01,Voice Gallery,content_merged_into_optimized_three_area_mission
g6_lq_t1_m05_a03,Language Lab,g6_lq_t1_m05,g6_lq_t1_m05_a02,Language Lab,content_merged_into_optimized_three_area_mission
g6_lq_t1_m05_a04,Media Theater,g6_lq_t1_m05,g6_lq_t1_m05_a02,Language Lab,content_merged_into_optimized_three_area_mission
g6_lq_t1_m05_a05,Curator’s Chamber,g6_lq_t1_m05,g6_lq_t1_m05_a03,Curator’s Chamber,content_merged_into_optimized_three_area_mission
g6_lq_t1_m05_final_challenge,Former Final Challenge,g6_lq_t1_m05,g6_lq_t1_m05_a03,Curator’s Chamber,integrated_into_area_3
g6_lq_t2_m01_a01,Index Porch,g6_lq_t2_m01,g6_lq_t2_m01_a01,Index Porch,content_merged_into_optimized_three_area_mission
g6_lq_t2_m01_a02,Data Room,g6_lq_t2_m01,g6_lq_t2_m01_a01,Index Porch,content_merged_into_optimized_three_area_mission
g6_lq_t2_m01_a03,Context Cabinet,g6_lq_t2_m01,g6_lq_t2_m01_a02,Context Cabinet,content_merged_into_optimized_three_area_mission
g6_lq_t2_m01_a04,Layout Workshop,g6_lq_t2_m01,g6_lq_t2_m01_a02,Context Cabinet,content_merged_into_optimized_three_area_mission
g6_lq_t2_m01_a05,Reference Desk,g6_lq_t2_m01,g6_lq_t2_m01_a03,Reference Desk,content_merged_into_optimized_three_area_mission
g6_lq_t2_m01_final_challenge,Former Final Challenge,g6_lq_t2_m01,g6_lq_t2_m01_a03,Reference Desk,integrated_into_area_3
g6_lq_t2_m02_a01,Purpose Gate,g6_lq_t2_m02,g6_lq_t2_m02_a01,Purpose Gate,content_merged_into_optimized_three_area_mission
g6_lq_t2_m02_a02,Question Workshop,g6_lq_t2_m02,g6_lq_t2_m02_a01,Purpose Gate,content_merged_into_optimized_three_area_mission
g6_lq_t2_m02_a03,Interview Square,g6_lq_t2_m02,g6_lq_t2_m02_a02,Interview Square,content_merged_into_optimized_three_area_mission
g6_lq_t2_m02_a04,Digital Kiosk,g6_lq_t2_m02,g6_lq_t2_m02_a02,Interview Square,content_merged_into_optimized_three_area_mission
g6_lq_t2_m02_a05,Summary Hall,g6_lq_t2_m02,g6_lq_t2_m02_a03,Summary Hall,content_merged_into_optimized_three_area_mission
g6_lq_t2_m02_final_challenge,Former Final Challenge,g6_lq_t2_m02,g6_lq_t2_m02_a03,Summary Hall,integrated_into_area_3
g6_lq_t2_m03_a01,Ticket Booth,g6_lq_t2_m03,g6_lq_t2_m03_a01,Ticket Booth,content_merged_into_optimized_three_area_mission
g6_lq_t2_m03_a02,Recount Deck,g6_lq_t2_m03,g6_lq_t2_m03_a01,Ticket Booth,content_merged_into_optimized_three_area_mission
g6_lq_t2_m03_a03,Explanation Cabin,g6_lq_t2_m03,g6_lq_t2_m03_a02,Explanation Cabin,content_merged_into_optimized_three_area_mission
g6_lq_t2_m03_a04,News Mast,g6_lq_t2_m03,g6_lq_t2_m03_a02,Explanation Cabin,content_merged_into_optimized_three_area_mission
g6_lq_t2_m03_a05,Conclusion Dock,g6_lq_t2_m03,g6_lq_t2_m03_a03,Conclusion Dock,content_merged_into_optimized_three_area_mission
g6_lq_t2_m03_final_challenge,Former Final Challenge,g6_lq_t2_m03,g6_lq_t2_m03_a03,Conclusion Dock,integrated_into_area_3
g6_lq_t2_m04_a01,Slogan Row,g6_lq_t2_m04,g6_lq_t2_m04_a01,Slogan Row,content_merged_into_optimized_three_area_mission
g6_lq_t2_m04_a02,Testimonial Tent,g6_lq_t2_m04,g6_lq_t2_m04_a01,Slogan Row,content_merged_into_optimized_three_area_mission
g6_lq_t2_m04_a03,Bandwagon Bridge,g6_lq_t2_m04,g6_lq_t2_m04_a02,Bandwagon Bridge,content_merged_into_optimized_three_area_mission
g6_lq_t2_m04_a04,Logic Lantern,g6_lq_t2_m04,g6_lq_t2_m04_a02,Bandwagon Bridge,content_merged_into_optimized_three_area_mission
g6_lq_t2_m04_a05,Fair Ad Studio,g6_lq_t2_m04,g6_lq_t2_m04_a03,Fair Ad Studio,content_merged_into_optimized_three_area_mission
g6_lq_t2_m04_final_challenge,Former Final Challenge,g6_lq_t2_m04,g6_lq_t2_m04_a03,Fair Ad Studio,integrated_into_area_3
g6_lq_t2_m05_a01,Script Room,g6_lq_t2_m05,g6_lq_t2_m05_a01,Script Room,content_merged_into_optimized_three_area_mission
g6_lq_t2_m05_a02,Image Lab,g6_lq_t2_m05,g6_lq_t2_m05_a01,Script Room,content_merged_into_optimized_three_area_mission
g6_lq_t2_m05_a03,Sound Booth,g6_lq_t2_m05,g6_lq_t2_m05_a02,Sound Booth,content_merged_into_optimized_three_area_mission
g6_lq_t2_m05_a04,Animation Desk,g6_lq_t2_m05,g6_lq_t2_m05_a02,Sound Booth,content_merged_into_optimized_three_area_mission
g6_lq_t2_m05_a05,Review Theater,g6_lq_t2_m05,g6_lq_t2_m05_a03,Review Theater,content_merged_into_optimized_three_area_mission
g6_lq_t2_m05_final_challenge,Former Final Challenge,g6_lq_t2_m05,g6_lq_t2_m05_a03,Review Theater,integrated_into_area_3
g6_lq_t3_m01_a01,Message Gate,g6_lq_t3_m01,g6_lq_t3_m01_a01,Message Gate,content_merged_into_optimized_three_area_mission
g6_lq_t3_m01_a02,Purpose Path,g6_lq_t3_m01,g6_lq_t3_m01_a01,Message Gate,content_merged_into_optimized_three_area_mission
g6_lq_t3_m01_a03,Tone Tower,g6_lq_t3_m01,g6_lq_t3_m01_a02,Tone Tower,content_merged_into_optimized_three_area_mission
g6_lq_t3_m01_a04,Viewpoint Window,g6_lq_t3_m01,g6_lq_t3_m01_a02,Tone Tower,content_merged_into_optimized_three_area_mission
g6_lq_t3_m01_a05,Audience Forum,g6_lq_t3_m01,g6_lq_t3_m01_a03,Audience Forum,content_merged_into_optimized_three_area_mission
g6_lq_t3_m01_final_challenge,Former Final Challenge,g6_lq_t3_m01,g6_lq_t3_m01_a03,Audience Forum,integrated_into_area_3
g6_lq_t3_m02_a01,Label Hall,g6_lq_t3_m02,g6_lq_t3_m02_a01,Label Hall,content_merged_into_optimized_three_area_mission
g6_lq_t3_m02_a02,Reality Lens,g6_lq_t3_m02,g6_lq_t3_m02_a01,Label Hall,content_merged_into_optimized_three_area_mission
g6_lq_t3_m02_a03,Context Room,g6_lq_t3_m02,g6_lq_t3_m02_a02,Context Room,content_merged_into_optimized_three_area_mission
g6_lq_t3_m02_a04,Voice Booth,g6_lq_t3_m02,g6_lq_t3_m02_a02,Context Room,content_merged_into_optimized_three_area_mission
g6_lq_t3_m02_a05,Respect Gallery,g6_lq_t3_m02,g6_lq_t3_m02_a03,Respect Gallery,content_merged_into_optimized_three_area_mission
g6_lq_t3_m02_final_challenge,Former Final Challenge,g6_lq_t3_m02,g6_lq_t3_m02_a03,Respect Gallery,integrated_into_area_3
g6_lq_t3_m03_a01,Claim Floor,g6_lq_t3_m03,g6_lq_t3_m03_a01,Claim Floor,content_merged_into_optimized_three_area_mission
g6_lq_t3_m03_a02,Source Floor,g6_lq_t3_m03,g6_lq_t3_m03_a01,Claim Floor,content_merged_into_optimized_three_area_mission
g6_lq_t3_m03_a03,Outline Floor,g6_lq_t3_m03,g6_lq_t3_m03_a02,Outline Floor,content_merged_into_optimized_three_area_mission
g6_lq_t3_m03_a04,Reasoning Floor,g6_lq_t3_m03,g6_lq_t3_m03_a02,Outline Floor,content_merged_into_optimized_three_area_mission
g6_lq_t3_m03_a05,Conclusion Floor,g6_lq_t3_m03,g6_lq_t3_m03_a03,Conclusion Floor,content_merged_into_optimized_three_area_mission
g6_lq_t3_m03_final_challenge,Former Final Challenge,g6_lq_t3_m03,g6_lq_t3_m03_a03,Conclusion Floor,integrated_into_area_3
g6_lq_t3_m04_a01,Briefing Desk,g6_lq_t3_m04,g6_lq_t3_m04_a01,Briefing Desk,content_merged_into_optimized_three_area_mission
g6_lq_t3_m04_a02,Evidence Board,g6_lq_t3_m04,g6_lq_t3_m04_a01,Briefing Desk,content_merged_into_optimized_three_area_mission
g6_lq_t3_m04_a03,Script Studio,g6_lq_t3_m04,g6_lq_t3_m04_a02,Script Studio,content_merged_into_optimized_three_area_mission
g6_lq_t3_m04_a04,Performance Stage,g6_lq_t3_m04,g6_lq_t3_m04_a02,Script Studio,content_merged_into_optimized_three_area_mission
g6_lq_t3_m04_a05,Edit Control,g6_lq_t3_m04,g6_lq_t3_m04_a03,Edit Control,content_merged_into_optimized_three_area_mission
g6_lq_t3_m04_final_challenge,Former Final Challenge,g6_lq_t3_m04,g6_lq_t3_m04_a03,Edit Control,integrated_into_area_3
g6_lq_t3_m05_a01,Literary Pavilion,g6_lq_t3_m05,g6_lq_t3_m05_a01,Literary Pavilion,content_merged_into_optimized_three_area_mission
g6_lq_t3_m05_a02,Information Pavilion,g6_lq_t3_m05,g6_lq_t3_m05_a01,Literary Pavilion,content_merged_into_optimized_three_area_mission
g6_lq_t3_m05_a03,Persuasion Pavilion,g6_lq_t3_m05,g6_lq_t3_m05_a02,Persuasion Pavilion,content_merged_into_optimized_three_area_mission
g6_lq_t3_m05_a04,Media Pavilion,g6_lq_t3_m05,g6_lq_t3_m05_a02,Persuasion Pavilion,content_merged_into_optimized_three_area_mission
g6_lq_t3_m05_a05,Council Chamber,g6_lq_t3_m05,g6_lq_t3_m05_a03,Council Chamber,content_merged_into_optimized_three_area_mission
g6_lq_t3_m05_final_challenge,Former Final Challenge,g6_lq_t3_m05,g6_lq_t3_m05_a03,Council Chamber,integrated_into_area_3
g6_peh_t1_m01_a01,Body Path,g6_peh_t1_m01,g6_peh_t1_m01_a01,Body Path,content_merged_into_optimized_three_area_mission
g6_peh_t1_m01_a02,Mind–Feeling Path,g6_peh_t1_m01,g6_peh_t1_m01_a01,Body Path,content_merged_into_optimized_three_area_mission
g6_peh_t1_m01_a03,Relationship Path,g6_peh_t1_m01,g6_peh_t1_m01_a02,Relationship Path,content_merged_into_optimized_three_area_mission
g6_peh_t1_m01_a04,Purpose Path,g6_peh_t1_m01,g6_peh_t1_m01_a02,Relationship Path,content_merged_into_optimized_three_area_mission
g6_peh_t1_m01_a05,Environment Path,g6_peh_t1_m01,g6_peh_t1_m01_a03,Environment Path,content_merged_into_optimized_three_area_mission
g6_peh_t1_m01_final_challenge,Former Final Challenge,g6_peh_t1_m01,g6_peh_t1_m01_a03,Environment Path,integrated_into_area_3
g6_peh_t1_m02_a01,First Ripple,g6_peh_t1_m02,g6_peh_t1_m02_a01,First Ripple,content_merged_into_optimized_three_area_mission
g6_peh_t1_m02_a02,Body Ripple,g6_peh_t1_m02,g6_peh_t1_m02_a01,First Ripple,content_merged_into_optimized_three_area_mission
g6_peh_t1_m02_a03,Emotion Ripple,g6_peh_t1_m02,g6_peh_t1_m02_a02,Emotion Ripple,content_merged_into_optimized_three_area_mission
g6_peh_t1_m02_a04,Social Ripple,g6_peh_t1_m02,g6_peh_t1_m02_a02,Emotion Ripple,content_merged_into_optimized_three_area_mission
g6_peh_t1_m02_a05,Repair Pool,g6_peh_t1_m02,g6_peh_t1_m02_a03,Repair Pool,content_merged_into_optimized_three_area_mission
g6_peh_t1_m02_final_challenge,Former Final Challenge,g6_peh_t1_m02,g6_peh_t1_m02_a03,Repair Pool,integrated_into_area_3
g6_peh_t1_m03_a01,Goal Hall,g6_peh_t1_m03,g6_peh_t1_m03_a01,Goal Hall,content_merged_into_optimized_three_area_mission
g6_peh_t1_m03_a02,Activity Market,g6_peh_t1_m03,g6_peh_t1_m03_a01,Goal Hall,content_merged_into_optimized_three_area_mission
g6_peh_t1_m03_a03,Barrier Bridge,g6_peh_t1_m03,g6_peh_t1_m03_a02,Barrier Bridge,content_merged_into_optimized_three_area_mission
g6_peh_t1_m03_a04,Support Network,g6_peh_t1_m03,g6_peh_t1_m03_a02,Barrier Bridge,content_merged_into_optimized_three_area_mission
g6_peh_t1_m03_a05,Review Station,g6_peh_t1_m03,g6_peh_t1_m03_a03,Review Station,content_merged_into_optimized_three_area_mission
g6_peh_t1_m03_final_challenge,Former Final Challenge,g6_peh_t1_m03,g6_peh_t1_m03_a03,Review Station,integrated_into_area_3
g6_peh_t1_m04_a01,Aim Point,g6_peh_t1_m04,g6_peh_t1_m04_a01,Aim Point,content_merged_into_optimized_three_area_mission
g6_peh_t1_m04_a02,Force Lane,g6_peh_t1_m04,g6_peh_t1_m04_a01,Aim Point,content_merged_into_optimized_three_area_mission
g6_peh_t1_m04_a03,Accuracy Circle,g6_peh_t1_m04,g6_peh_t1_m04_a02,Accuracy Circle,content_merged_into_optimized_three_area_mission
g6_peh_t1_m04_a04,Strategy Fork,g6_peh_t1_m04,g6_peh_t1_m04_a02,Accuracy Circle,content_merged_into_optimized_three_area_mission
g6_peh_t1_m04_a05,Inclusive Rules Court,g6_peh_t1_m04,g6_peh_t1_m04_a03,Inclusive Rules Court,content_merged_into_optimized_three_area_mission
g6_peh_t1_m04_final_challenge,Former Final Challenge,g6_peh_t1_m04,g6_peh_t1_m04_a03,Inclusive Rules Court,integrated_into_area_3
g6_peh_t1_m05_a01,Space Grid,g6_peh_t1_m05,g6_peh_t1_m05_a01,Space Grid,content_merged_into_optimized_three_area_mission
g6_peh_t1_m05_a02,Pass Channel,g6_peh_t1_m05,g6_peh_t1_m05_a01,Space Grid,content_merged_into_optimized_three_area_mission
g6_peh_t1_m05_a03,Defense Line,g6_peh_t1_m05,g6_peh_t1_m05_a02,Defense Line,content_merged_into_optimized_three_area_mission
g6_peh_t1_m05_a04,Team Voice,g6_peh_t1_m05,g6_peh_t1_m05_a02,Defense Line,content_merged_into_optimized_three_area_mission
g6_peh_t1_m05_a05,Active Living Match,g6_peh_t1_m05,g6_peh_t1_m05_a03,Active Living Match,content_merged_into_optimized_three_area_mission
g6_peh_t1_m05_final_challenge,Former Final Challenge,g6_peh_t1_m05,g6_peh_t1_m05_a03,Active Living Match,integrated_into_area_3
g6_peh_t2_m01_a01,Goals Gate,g6_peh_t2_m01,g6_peh_t2_m01_a01,Goals Gate,content_merged_into_optimized_three_area_mission
g6_peh_t2_m01_a02,Responsibility Path,g6_peh_t2_m01,g6_peh_t2_m01_a01,Goals Gate,content_merged_into_optimized_three_area_mission
g6_peh_t2_m01_a03,Boundary Bridge,g6_peh_t2_m01,g6_peh_t2_m01_a02,Boundary Bridge,content_merged_into_optimized_three_area_mission
g6_peh_t2_m01_a04,Trusted Information Booth,g6_peh_t2_m01,g6_peh_t2_m01_a02,Boundary Bridge,content_merged_into_optimized_three_area_mission
g6_peh_t2_m01_a05,Support Beacon,g6_peh_t2_m01,g6_peh_t2_m01_a03,Support Beacon,content_merged_into_optimized_three_area_mission
g6_peh_t2_m01_final_challenge,Former Final Challenge,g6_peh_t2_m01,g6_peh_t2_m01_a03,Support Beacon,integrated_into_area_3
g6_peh_t2_m02_a01,Myth Screen,g6_peh_t2_m02,g6_peh_t2_m02_a01,Myth Screen,content_merged_into_optimized_three_area_mission
g6_peh_t2_m02_a02,Pressure Room,g6_peh_t2_m02,g6_peh_t2_m02_a01,Myth Screen,content_merged_into_optimized_three_area_mission
g6_peh_t2_m02_a03,Respect Desk,g6_peh_t2_m02,g6_peh_t2_m02_a02,Respect Desk,content_merged_into_optimized_three_area_mission
g6_peh_t2_m02_a04,Help Directory,g6_peh_t2_m02,g6_peh_t2_m02_a02,Respect Desk,content_merged_into_optimized_three_area_mission
g6_peh_t2_m02_a05,Decision Board,g6_peh_t2_m02,g6_peh_t2_m02_a03,Decision Board,content_merged_into_optimized_three_area_mission
g6_peh_t2_m02_final_challenge,Former Final Challenge,g6_peh_t2_m02,g6_peh_t2_m02_a03,Decision Board,integrated_into_area_3
g6_peh_t2_m03_a01,Listening Circle,g6_peh_t2_m03,g6_peh_t2_m03_a01,Listening Circle,content_merged_into_optimized_three_area_mission
g6_peh_t2_m03_a02,Values Table,g6_peh_t2_m03,g6_peh_t2_m03_a01,Listening Circle,content_merged_into_optimized_three_area_mission
g6_peh_t2_m03_a03,Question Path,g6_peh_t2_m03,g6_peh_t2_m03_a02,Question Path,content_merged_into_optimized_three_area_mission
g6_peh_t2_m03_a04,Referral Door,g6_peh_t2_m03,g6_peh_t2_m03_a02,Question Path,content_merged_into_optimized_three_area_mission
g6_peh_t2_m03_a05,Family Plan,g6_peh_t2_m03,g6_peh_t2_m03_a03,Family Plan,content_merged_into_optimized_three_area_mission
g6_peh_t2_m03_final_challenge,Former Final Challenge,g6_peh_t2_m03,g6_peh_t2_m03_a03,Family Plan,integrated_into_area_3
g6_peh_t2_m04_a01,Strike Lab,g6_peh_t2_m04,g6_peh_t2_m04_a01,Strike Lab,content_merged_into_optimized_three_area_mission
g6_peh_t2_m04_a02,Run Decision,g6_peh_t2_m04,g6_peh_t2_m04_a01,Strike Lab,content_merged_into_optimized_three_area_mission
g6_peh_t2_m04_a03,Fielding Shape,g6_peh_t2_m04,g6_peh_t2_m04_a02,Fielding Shape,content_merged_into_optimized_three_area_mission
g6_peh_t2_m04_a04,Communication Base,g6_peh_t2_m04,g6_peh_t2_m04_a02,Fielding Shape,content_merged_into_optimized_three_area_mission
g6_peh_t2_m04_a05,Modified Match,g6_peh_t2_m04,g6_peh_t2_m04_a03,Modified Match,content_merged_into_optimized_three_area_mission
g6_peh_t2_m04_final_challenge,Former Final Challenge,g6_peh_t2_m04,g6_peh_t2_m04_a03,Modified Match,integrated_into_area_3
g6_peh_t2_m05_a01,Ready Position,g6_peh_t2_m05,g6_peh_t2_m05_a01,Ready Position,content_merged_into_optimized_three_area_mission
g6_peh_t2_m05_a02,Placement Lane,g6_peh_t2_m05,g6_peh_t2_m05_a01,Ready Position,content_merged_into_optimized_three_area_mission
g6_peh_t2_m05_a03,Rally Court,g6_peh_t2_m05,g6_peh_t2_m05_a02,Rally Court,content_merged_into_optimized_three_area_mission
g6_peh_t2_m05_a04,Reset Bench,g6_peh_t2_m05,g6_peh_t2_m05_a02,Rally Court,content_merged_into_optimized_three_area_mission
g6_peh_t2_m05_a05,Final Match,g6_peh_t2_m05,g6_peh_t2_m05_a03,Final Match,content_merged_into_optimized_three_area_mission
g6_peh_t2_m05_final_challenge,Former Final Challenge,g6_peh_t2_m05,g6_peh_t2_m05_a03,Final Match,integrated_into_area_3
g6_peh_t3_m01_a01,Source Station,g6_peh_t3_m01,g6_peh_t3_m01_a01,Source Station,content_merged_into_optimized_three_area_mission
g6_peh_t3_m01_a02,Contact Path,g6_peh_t3_m01,g6_peh_t3_m01_a01,Source Station,content_merged_into_optimized_three_area_mission
g6_peh_t3_m01_a03,Entry Gate,g6_peh_t3_m01,g6_peh_t3_m01_a02,Entry Gate,content_merged_into_optimized_three_area_mission
g6_peh_t3_m01_a04,Symptom Desk,g6_peh_t3_m01,g6_peh_t3_m01_a02,Entry Gate,content_merged_into_optimized_three_area_mission
g6_peh_t3_m01_a05,Chain Map,g6_peh_t3_m01,g6_peh_t3_m01_a03,Chain Map,content_merged_into_optimized_three_area_mission
g6_peh_t3_m01_final_challenge,Former Final Challenge,g6_peh_t3_m01,g6_peh_t3_m01_a03,Chain Map,integrated_into_area_3
g6_peh_t3_m02_a01,Hand and Respiratory Station,g6_peh_t3_m02,g6_peh_t3_m02_a01,Hand and Respiratory Station,content_merged_into_optimized_three_area_mission
g6_peh_t3_m02_a02,Food and Water Station,g6_peh_t3_m02,g6_peh_t3_m02_a01,Hand and Respiratory Station,content_merged_into_optimized_three_area_mission
g6_peh_t3_m02_a03,Vaccination and Health Guidance Desk,g6_peh_t3_m02,g6_peh_t3_m02_a02,Vaccination and Health Guidance Desk,content_merged_into_optimized_three_area_mission
g6_peh_t3_m02_a04,Stay-Home/Seek-Care Gate,g6_peh_t3_m02,g6_peh_t3_m02_a02,Vaccination and Health Guidance Desk,content_merged_into_optimized_three_area_mission
g6_peh_t3_m02_a05,Misinformation Watch,g6_peh_t3_m02,g6_peh_t3_m02_a03,Misinformation Watch,content_merged_into_optimized_three_area_mission
g6_peh_t3_m02_final_challenge,Former Final Challenge,g6_peh_t3_m02,g6_peh_t3_m02_a03,Misinformation Watch,integrated_into_area_3
g6_peh_t3_m03_a01,Human Health Bank,g6_peh_t3_m03,g6_peh_t3_m03_a01,Human Health Bank,content_merged_into_optimized_three_area_mission
g6_peh_t3_m03_a02,Animal Health Nest,g6_peh_t3_m03,g6_peh_t3_m03_a01,Human Health Bank,content_merged_into_optimized_three_area_mission
g6_peh_t3_m03_a03,Environment Channel,g6_peh_t3_m03,g6_peh_t3_m03_a02,Environment Channel,content_merged_into_optimized_three_area_mission
g6_peh_t3_m03_a04,Connection Bridge,g6_peh_t3_m03,g6_peh_t3_m03_a02,Environment Channel,content_merged_into_optimized_three_area_mission
g6_peh_t3_m03_a05,Solution Lab,g6_peh_t3_m03,g6_peh_t3_m03_a03,Solution Lab,content_merged_into_optimized_three_area_mission
g6_peh_t3_m03_final_challenge,Former Final Challenge,g6_peh_t3_m03,g6_peh_t3_m03_a03,Solution Lab,integrated_into_area_3
g6_peh_t3_m04_a01,Waste Station,g6_peh_t3_m04,g6_peh_t3_m04_a01,Waste Station,content_merged_into_optimized_three_area_mission
g6_peh_t3_m04_a02,Water and Drainage Station,g6_peh_t3_m04,g6_peh_t3_m04_a01,Waste Station,content_merged_into_optimized_three_area_mission
g6_peh_t3_m04_a03,Vector Control Station,g6_peh_t3_m04,g6_peh_t3_m04_a02,Vector Control Station,content_merged_into_optimized_three_area_mission
g6_peh_t3_m04_a04,Participation Hall,g6_peh_t3_m04,g6_peh_t3_m04_a02,Vector Control Station,content_merged_into_optimized_three_area_mission
g6_peh_t3_m04_a05,Monitoring Board,g6_peh_t3_m04,g6_peh_t3_m04_a03,Monitoring Board,content_merged_into_optimized_three_area_mission
g6_peh_t3_m04_final_challenge,Former Final Challenge,g6_peh_t3_m04,g6_peh_t3_m04_a03,Monitoring Board,integrated_into_area_3
g6_peh_t3_m05_a01,Warm-Up Circle,g6_peh_t3_m05,g6_peh_t3_m05_a01,Warm-Up Circle,content_merged_into_optimized_three_area_mission
g6_peh_t3_m05_a02,Rhythm Workshop,g6_peh_t3_m05,g6_peh_t3_m05_a01,Warm-Up Circle,content_merged_into_optimized_three_area_mission
g6_peh_t3_m05_a03,Formation Lab,g6_peh_t3_m05,g6_peh_t3_m05_a02,Formation Lab,content_merged_into_optimized_three_area_mission
g6_peh_t3_m05_a04,Message Station,g6_peh_t3_m05,g6_peh_t3_m05_a02,Formation Lab,content_merged_into_optimized_three_area_mission
g6_peh_t3_m05_a05,Community Performance,g6_peh_t3_m05,g6_peh_t3_m05_a03,Community Performance,content_merged_into_optimized_three_area_mission
g6_peh_t3_m05_final_challenge,Former Final Challenge,g6_peh_t3_m05,g6_peh_t3_m05_a03,Community Performance,integrated_into_area_3
g6_sci_t1_m01_a01,Melting Chamber,g6_sci_t1_m01,g6_sci_t1_m01_a01,Melting Chamber,content_merged_into_optimized_three_area_mission
g6_sci_t1_m01_a02,Evaporation Tower,g6_sci_t1_m01,g6_sci_t1_m01_a01,Melting Chamber,content_merged_into_optimized_three_area_mission
g6_sci_t1_m01_a03,Condensation Tunnel,g6_sci_t1_m01,g6_sci_t1_m01_a02,Condensation Tunnel,content_merged_into_optimized_three_area_mission
g6_sci_t1_m01_a04,Freezing Vault,g6_sci_t1_m01,g6_sci_t1_m01_a02,Condensation Tunnel,content_merged_into_optimized_three_area_mission
g6_sci_t1_m01_a05,Flowchart Core,g6_sci_t1_m01,g6_sci_t1_m01_a03,Flowchart Core,content_merged_into_optimized_three_area_mission
g6_sci_t1_m01_final_challenge,Former Final Challenge,g6_sci_t1_m01,g6_sci_t1_m01_a03,Flowchart Core,integrated_into_area_3
g6_sci_t1_m02_a01,Shape Bench,g6_sci_t1_m02,g6_sci_t1_m02_a01,Shape Bench,content_merged_into_optimized_three_area_mission
g6_sci_t1_m02_a02,Reaction Bench,g6_sci_t1_m02,g6_sci_t1_m02_a01,Shape Bench,content_merged_into_optimized_three_area_mission
g6_sci_t1_m02_a03,Reversibility Gate,g6_sci_t1_m02,g6_sci_t1_m02_a02,Reversibility Gate,content_merged_into_optimized_three_area_mission
g6_sci_t1_m02_a04,Mixture Table,g6_sci_t1_m02,g6_sci_t1_m02_a02,Reversibility Gate,content_merged_into_optimized_three_area_mission
g6_sci_t1_m02_a05,Air Map,g6_sci_t1_m02,g6_sci_t1_m02_a03,Air Map,content_merged_into_optimized_three_area_mission
g6_sci_t1_m02_final_challenge,Former Final Challenge,g6_sci_t1_m02,g6_sci_t1_m02_a03,Air Map,integrated_into_area_3
g6_sci_t1_m03_a01,Hand Separation Stall,g6_sci_t1_m03,g6_sci_t1_m03_a01,Hand Separation Stall,content_merged_into_optimized_three_area_mission
g6_sci_t1_m03_a02,Sieve Stall,g6_sci_t1_m03,g6_sci_t1_m03_a01,Hand Separation Stall,content_merged_into_optimized_three_area_mission
g6_sci_t1_m03_a03,Magnet Stall,g6_sci_t1_m03,g6_sci_t1_m03_a02,Magnet Stall,content_merged_into_optimized_three_area_mission
g6_sci_t1_m03_a04,Filter/Decant Stall,g6_sci_t1_m03,g6_sci_t1_m03_a02,Magnet Stall,content_merged_into_optimized_three_area_mission
g6_sci_t1_m03_a05,Evaporation Stall,g6_sci_t1_m03,g6_sci_t1_m03_a03,Evaporation Stall,content_merged_into_optimized_three_area_mission
g6_sci_t1_m03_final_challenge,Former Final Challenge,g6_sci_t1_m03,g6_sci_t1_m03_a03,Evaporation Stall,integrated_into_area_3
g6_sci_t1_m04_a01,Question Forge,g6_sci_t1_m04,g6_sci_t1_m04_a01,Question Forge,content_merged_into_optimized_three_area_mission
g6_sci_t1_m04_a02,Variable Anvil,g6_sci_t1_m04,g6_sci_t1_m04_a01,Question Forge,content_merged_into_optimized_three_area_mission
g6_sci_t1_m04_a03,Measurement Bench,g6_sci_t1_m04,g6_sci_t1_m04_a02,Measurement Bench,content_merged_into_optimized_three_area_mission
g6_sci_t1_m04_a04,Trial Track,g6_sci_t1_m04,g6_sci_t1_m04_a02,Measurement Bench,content_merged_into_optimized_three_area_mission
g6_sci_t1_m04_a05,Evidence Press,g6_sci_t1_m04,g6_sci_t1_m04_a03,Evidence Press,content_merged_into_optimized_three_area_mission
g6_sci_t1_m04_final_challenge,Former Final Challenge,g6_sci_t1_m04,g6_sci_t1_m04_a03,Evidence Press,integrated_into_area_3
g6_sci_t1_m05_a01,Circulation Gallery,g6_sci_t1_m05,g6_sci_t1_m05_a01,Circulation Gallery,content_merged_into_optimized_three_area_mission
g6_sci_t1_m05_a02,Pollination House,g6_sci_t1_m05,g6_sci_t1_m05_a01,Circulation Gallery,content_merged_into_optimized_three_area_mission
g6_sci_t1_m05_a03,Propagation Beds,g6_sci_t1_m05,g6_sci_t1_m05_a02,Propagation Beds,content_merged_into_optimized_three_area_mission
g6_sci_t1_m05_a04,Backbone Hall,g6_sci_t1_m05,g6_sci_t1_m05_a02,Propagation Beds,content_merged_into_optimized_three_area_mission
g6_sci_t1_m05_a05,Systems Summit,g6_sci_t1_m05,g6_sci_t1_m05_a03,Systems Summit,content_merged_into_optimized_three_area_mission
g6_sci_t1_m05_final_challenge,Former Final Challenge,g6_sci_t1_m05,g6_sci_t1_m05_a03,Systems Summit,integrated_into_area_3
g6_sci_t2_m01_a01,Producer Meadow,g6_sci_t2_m01,g6_sci_t2_m01_a01,Producer Meadow,content_merged_into_optimized_three_area_mission
g6_sci_t2_m01_a02,Consumer Trail,g6_sci_t2_m01,g6_sci_t2_m01_a01,Producer Meadow,content_merged_into_optimized_three_area_mission
g6_sci_t2_m01_a03,Scavenger Ridge,g6_sci_t2_m01,g6_sci_t2_m01_a02,Scavenger Ridge,content_merged_into_optimized_three_area_mission
g6_sci_t2_m01_a04,Decomposer Soil,g6_sci_t2_m01,g6_sci_t2_m01_a02,Scavenger Ridge,content_merged_into_optimized_three_area_mission
g6_sci_t2_m01_a05,Interaction Web,g6_sci_t2_m01,g6_sci_t2_m01_a03,Interaction Web,content_merged_into_optimized_three_area_mission
g6_sci_t2_m01_final_challenge,Former Final Challenge,g6_sci_t2_m01,g6_sci_t2_m01_a03,Interaction Web,integrated_into_area_3
g6_sci_t2_m02_a01,Living Bank,g6_sci_t2_m02,g6_sci_t2_m02_a01,Living Bank,content_merged_into_optimized_three_area_mission
g6_sci_t2_m02_a02,Non-Living Bank,g6_sci_t2_m02,g6_sci_t2_m02_a01,Living Bank,content_merged_into_optimized_three_area_mission
g6_sci_t2_m02_a03,Interaction Channel,g6_sci_t2_m02,g6_sci_t2_m02_a02,Interaction Channel,content_merged_into_optimized_three_area_mission
g6_sci_t2_m02_a04,Impact Table,g6_sci_t2_m02,g6_sci_t2_m02_a02,Interaction Channel,content_merged_into_optimized_three_area_mission
g6_sci_t2_m02_a05,Restoration Plan,g6_sci_t2_m02,g6_sci_t2_m02_a03,Restoration Plan,content_merged_into_optimized_three_area_mission
g6_sci_t2_m02_final_challenge,Former Final Challenge,g6_sci_t2_m02,g6_sci_t2_m02_a03,Restoration Plan,integrated_into_area_3
g6_sci_t2_m03_a01,Inclined Plane Road,g6_sci_t2_m03,g6_sci_t2_m03_a01,Inclined Plane Road,content_merged_into_optimized_three_area_mission
g6_sci_t2_m03_a02,Wedge Yard,g6_sci_t2_m03,g6_sci_t2_m03_a01,Inclined Plane Road,content_merged_into_optimized_three_area_mission
g6_sci_t2_m03_a03,Lever Workshop,g6_sci_t2_m03,g6_sci_t2_m03_a02,Lever Workshop,content_merged_into_optimized_three_area_mission
g6_sci_t2_m03_a04,Pulley Tower,g6_sci_t2_m03,g6_sci_t2_m03_a02,Lever Workshop,content_merged_into_optimized_three_area_mission
g6_sci_t2_m03_a05,Design Desk,g6_sci_t2_m03,g6_sci_t2_m03_a03,Design Desk,content_merged_into_optimized_three_area_mission
g6_sci_t2_m03_final_challenge,Former Final Challenge,g6_sci_t2_m03,g6_sci_t2_m03_a03,Design Desk,integrated_into_area_3
g6_sci_t2_m04_a01,Lever Question,g6_sci_t2_m04,g6_sci_t2_m04_a01,Lever Question,content_merged_into_optimized_three_area_mission
g6_sci_t2_m04_a02,Three-Trial Bridge,g6_sci_t2_m04,g6_sci_t2_m04_a01,Lever Question,content_merged_into_optimized_three_area_mission
g6_sci_t2_m04_a03,Energy Drop,g6_sci_t2_m04,g6_sci_t2_m04_a02,Energy Drop,content_merged_into_optimized_three_area_mission
g6_sci_t2_m04_a04,Crest–Trough Deck,g6_sci_t2_m04,g6_sci_t2_m04_a02,Energy Drop,content_merged_into_optimized_three_area_mission
g6_sci_t2_m04_a05,Crossing Control,g6_sci_t2_m04,g6_sci_t2_m04_a03,Crossing Control,content_merged_into_optimized_three_area_mission
g6_sci_t2_m04_final_challenge,Former Final Challenge,g6_sci_t2_m04,g6_sci_t2_m04_a03,Crossing Control,integrated_into_area_3
g6_sci_t2_m05_a01,Crest Lab,g6_sci_t2_m05,g6_sci_t2_m05_a01,Crest Lab,content_merged_into_optimized_three_area_mission
g6_sci_t2_m05_a02,Spacing Lab,g6_sci_t2_m05,g6_sci_t2_m05_a01,Crest Lab,content_merged_into_optimized_three_area_mission
g6_sci_t2_m05_a03,Frequency Clock,g6_sci_t2_m05,g6_sci_t2_m05_a02,Frequency Clock,content_merged_into_optimized_three_area_mission
g6_sci_t2_m05_a04,Reflection Wall,g6_sci_t2_m05,g6_sci_t2_m05_a02,Frequency Clock,content_merged_into_optimized_three_area_mission
g6_sci_t2_m05_a05,Research Console,g6_sci_t2_m05,g6_sci_t2_m05_a03,Research Console,content_merged_into_optimized_three_area_mission
g6_sci_t2_m05_final_challenge,Former Final Challenge,g6_sci_t2_m05,g6_sci_t2_m05_a03,Research Console,integrated_into_area_3
g6_sci_t3_m01_a01,Rope Ridge,g6_sci_t3_m01,g6_sci_t3_m01_a01,Rope Ridge,content_merged_into_optimized_three_area_mission
g6_sci_t3_m01_a02,Compression Tunnel,g6_sci_t3_m01,g6_sci_t3_m01_a01,Rope Ridge,content_merged_into_optimized_three_area_mission
g6_sci_t3_m01_a03,Energy Marker,g6_sci_t3_m01,g6_sci_t3_m01_a02,Energy Marker,content_merged_into_optimized_three_area_mission
g6_sci_t3_m01_a04,Approach Track,g6_sci_t3_m01,g6_sci_t3_m01_a02,Energy Marker,content_merged_into_optimized_three_area_mission
g6_sci_t3_m01_a05,Recede Track,g6_sci_t3_m01,g6_sci_t3_m01_a03,Recede Track,content_merged_into_optimized_three_area_mission
g6_sci_t3_m01_final_challenge,Former Final Challenge,g6_sci_t3_m01,g6_sci_t3_m01_a03,Recede Track,integrated_into_area_3
g6_sci_t3_m02_a01,Crust Model,g6_sci_t3_m02,g6_sci_t3_m02_a01,Crust Model,content_merged_into_optimized_three_area_mission
g6_sci_t3_m02_a02,Formation Gallery,g6_sci_t3_m02,g6_sci_t3_m02_a01,Crust Model,content_merged_into_optimized_three_area_mission
g6_sci_t3_m02_a03,Reliable Source Desk,g6_sci_t3_m02,g6_sci_t3_m02_a02,Reliable Source Desk,content_merged_into_optimized_three_area_mission
g6_sci_t3_m02_a04,Location Board,g6_sci_t3_m02,g6_sci_t3_m02_a02,Reliable Source Desk,content_merged_into_optimized_three_area_mission
g6_sci_t3_m02_a05,Risk Zone Workshop,g6_sci_t3_m02,g6_sci_t3_m02_a03,Risk Zone Workshop,content_merged_into_optimized_three_area_mission
g6_sci_t3_m02_final_challenge,Former Final Challenge,g6_sci_t3_m02,g6_sci_t3_m02_a03,Risk Zone Workshop,integrated_into_area_3
g6_sci_t3_m03_a01,Timeline Desk,g6_sci_t3_m03,g6_sci_t3_m03_a01,Timeline Desk,content_merged_into_optimized_three_area_mission
g6_sci_t3_m03_a02,Pattern Room,g6_sci_t3_m03,g6_sci_t3_m03_a01,Timeline Desk,content_merged_into_optimized_three_area_mission
g6_sci_t3_m03_a03,Community Memory Booth,g6_sci_t3_m03,g6_sci_t3_m03_a02,Community Memory Booth,content_merged_into_optimized_three_area_mission
g6_sci_t3_m03_a04,Material Lab,g6_sci_t3_m03,g6_sci_t3_m03_a02,Community Memory Booth,content_merged_into_optimized_three_area_mission
g6_sci_t3_m03_a05,Uncertainty Board,g6_sci_t3_m03,g6_sci_t3_m03_a03,Uncertainty Board,content_merged_into_optimized_three_area_mission
g6_sci_t3_m03_final_challenge,Former Final Challenge,g6_sci_t3_m03,g6_sci_t3_m03_a03,Uncertainty Board,integrated_into_area_3
g6_sci_t3_m04_a01,Monitoring Screen,g6_sci_t3_m04,g6_sci_t3_m04_a01,Monitoring Screen,content_merged_into_optimized_three_area_mission
g6_sci_t3_m04_a02,Before Plan,g6_sci_t3_m04,g6_sci_t3_m04_a01,Monitoring Screen,content_merged_into_optimized_three_area_mission
g6_sci_t3_m04_a03,Escalation Desk,g6_sci_t3_m04,g6_sci_t3_m04_a02,Escalation Desk,content_merged_into_optimized_three_area_mission
g6_sci_t3_m04_a04,During Response,g6_sci_t3_m04,g6_sci_t3_m04_a02,Escalation Desk,content_merged_into_optimized_three_area_mission
g6_sci_t3_m04_a05,After Clearance,g6_sci_t3_m04,g6_sci_t3_m04_a03,After Clearance,content_merged_into_optimized_three_area_mission
g6_sci_t3_m04_final_challenge,Former Final Challenge,g6_sci_t3_m04,g6_sci_t3_m04_a03,After Clearance,integrated_into_area_3
g6_sci_t3_m05_a01,Season Deck,g6_sci_t3_m05,g6_sci_t3_m05_a01,Season Deck,content_merged_into_optimized_three_area_mission
g6_sci_t3_m05_a02,Rotation Room,g6_sci_t3_m05,g6_sci_t3_m05_a01,Season Deck,content_merged_into_optimized_three_area_mission
g6_sci_t3_m05_a03,System Model,g6_sci_t3_m05,g6_sci_t3_m05_a02,System Model,content_merged_into_optimized_three_area_mission
g6_sci_t3_m05_a04,Star Calendar,g6_sci_t3_m05,g6_sci_t3_m05_a02,System Model,content_merged_into_optimized_three_area_mission
g6_sci_t3_m05_a05,Constellation Council,g6_sci_t3_m05,g6_sci_t3_m05_a03,Constellation Council,content_merged_into_optimized_three_area_mission
g6_sci_t3_m05_final_challenge,Former Final Challenge,g6_sci_t3_m05,g6_sci_t3_m05_a03,Constellation Council,integrated_into_area_3
