grade_id,subject_id,term_id,mission_id,mission_title,mission_scene_name,area_id,area_number,area_title,phase,zone_root,legacy_sources
grade_5,subject_literaquest,term_1,g5_lq_t1_m01,The Festival Storybook Rescue,SCN_G5_LQ_T1_M01_TheFestivalStorybookRescue,g5_lq_t1_m01_a01,1,Story Square,discover_and_connect,ZONE_A01_StorySquare,g5_lq_t1_m01_a01|g5_lq_t1_m01_a02
grade_5,subject_literaquest,term_1,g5_lq_t1_m01,The Festival Storybook Rescue,SCN_G5_LQ_T1_M01_TheFestivalStorybookRescue,g5_lq_t1_m01_a02,2,Banner Market Lane,practice_and_apply,ZONE_A02_BannerMarketLane,g5_lq_t1_m01_a03|g5_lq_t1_m01_a04
grade_5,subject_literaquest,term_1,g5_lq_t1_m01,The Festival Storybook Rescue,SCN_G5_LQ_T1_M01_TheFestivalStorybookRescue,g5_lq_t1_m01_a03,3,Chronicle Courtyard,resolve_and_master,ZONE_A03_ChronicleCourtyard,g5_lq_t1_m01_a05
grade_5,subject_literaquest,term_1,g5_lq_t1_m02,The Bell of Seven Moments,SCN_G5_LQ_T1_M02_TheBellOfSevenMoments,g5_lq_t1_m02_a01,1,Clock Gate,discover_and_connect,ZONE_A01_ClockGate,g5_lq_t1_m02_a01|g5_lq_t1_m02_a02
grade_5,subject_literaquest,term_1,g5_lq_t1_m02,The Bell of Seven Moments,SCN_G5_LQ_T1_M02_TheBellOfSevenMoments,g5_lq_t1_m02_a02,2,Analogy Alley,practice_and_apply,ZONE_A02_AnalogyAlley,g5_lq_t1_m02_a03|g5_lq_t1_m02_a04
grade_5,subject_literaquest,term_1,g5_lq_t1_m02,The Bell of Seven Moments,SCN_G5_LQ_T1_M02_TheBellOfSevenMoments,g5_lq_t1_m02_a03,3,Bell Tower,resolve_and_master,ZONE_A03_BellTower,g5_lq_t1_m02_a05
grade_5,subject_literaquest,term_1,g5_lq_t1_m03,The Hall of Speaking Sounds,SCN_G5_LQ_T1_M03_TheHallOfSpeakingSounds,g5_lq_t1_m03_a01,1,Echo Arcade,discover_and_connect,ZONE_A01_EchoArcade,g5_lq_t1_m03_a01|g5_lq_t1_m03_a02
grade_5,subject_literaquest,term_1,g5_lq_t1_m03,The Hall of Speaking Sounds,SCN_G5_LQ_T1_M03_TheHallOfSpeakingSounds,g5_lq_t1_m03_a02,2,Figure Studio,practice_and_apply,ZONE_A02_FigureStudio,g5_lq_t1_m03_a03|g5_lq_t1_m03_a04
grade_5,subject_literaquest,term_1,g5_lq_t1_m03,The Hall of Speaking Sounds,SCN_G5_LQ_T1_M03_TheHallOfSpeakingSounds,g5_lq_t1_m03_a03,3,Cultural Gallery,resolve_and_master,ZONE_A03_CulturalGallery,g5_lq_t1_m03_a05
grade_5,subject_literaquest,term_1,g5_lq_t1_m04,The Newsroom of True Pages,SCN_G5_LQ_T1_M04_TheNewsroomOfTruePages,g5_lq_t1_m04_a01,1,Headline Dock,discover_and_connect,ZONE_A01_HeadlineDock,g5_lq_t1_m04_a01|g5_lq_t1_m04_a02
grade_5,subject_literaquest,term_1,g5_lq_t1_m04,The Newsroom of True Pages,SCN_G5_LQ_T1_M04_TheNewsroomOfTruePages,g5_lq_t1_m04_a02,2,Fact–Opinion Court,practice_and_apply,ZONE_A02_FactOpinionCourt,g5_lq_t1_m04_a03|g5_lq_t1_m04_a04
grade_5,subject_literaquest,term_1,g5_lq_t1_m04,The Newsroom of True Pages,SCN_G5_LQ_T1_M04_TheNewsroomOfTruePages,g5_lq_t1_m04_a03,3,Broadcast Balcony,resolve_and_master,ZONE_A03_BroadcastBalcony,g5_lq_t1_m04_a05
grade_5,subject_literaquest,term_1,g5_lq_t1_m05,The Grand Holiday Chronicle,SCN_G5_LQ_T1_M05_TheGrandHolidayChronicle,g5_lq_t1_m05_a01,1,Source Library,discover_and_connect,ZONE_A01_SourceLibrary,g5_lq_t1_m05_a01|g5_lq_t1_m05_a02
grade_5,subject_literaquest,term_1,g5_lq_t1_m05,The Grand Holiday Chronicle,SCN_G5_LQ_T1_M05_TheGrandHolidayChronicle,g5_lq_t1_m05_a02,2,Clarity Foundry,practice_and_apply,ZONE_A02_ClarityFoundry,g5_lq_t1_m05_a03|g5_lq_t1_m05_a04
grade_5,subject_literaquest,term_1,g5_lq_t1_m05,The Grand Holiday Chronicle,SCN_G5_LQ_T1_M05_TheGrandHolidayChronicle,g5_lq_t1_m05_a03,3,Chronicle Vault,resolve_and_master,ZONE_A03_ChronicleVault,g5_lq_t1_m05_a05
grade_5,subject_literaquest,term_2,g5_lq_t2_m01,The Moonlit Invitation,SCN_G5_LQ_T2_M01_TheMoonlitInvitation,g5_lq_t2_m01_a01,1,Crescent Courtyard,discover_and_connect,ZONE_A01_CrescentCourtyard,g5_lq_t2_m01_a01|g5_lq_t2_m01_a02
grade_5,subject_literaquest,term_2,g5_lq_t2_m01,The Moonlit Invitation,SCN_G5_LQ_T2_M01_TheMoonlitInvitation,g5_lq_t2_m01_a02,2,Schedule Walk,practice_and_apply,ZONE_A02_ScheduleWalk,g5_lq_t2_m01_a03|g5_lq_t2_m01_a04
grade_5,subject_literaquest,term_2,g5_lq_t2_m01,The Moonlit Invitation,SCN_G5_LQ_T2_M01_TheMoonlitInvitation,g5_lq_t2_m01_a03,3,Community Hall,resolve_and_master,ZONE_A03_CommunityHall,g5_lq_t2_m01_a05
grade_5,subject_literaquest,term_2,g5_lq_t2_m02,The Lantern Street Chronicle,SCN_G5_LQ_T2_M02_TheLanternStreetChronicle,g5_lq_t2_m02_a01,1,Red Gate,discover_and_connect,ZONE_A01_RedGate,g5_lq_t2_m02_a01|g5_lq_t2_m02_a02
grade_5,subject_literaquest,term_2,g5_lq_t2_m02,The Lantern Street Chronicle,SCN_G5_LQ_T2_M02_TheLanternStreetChronicle,g5_lq_t2_m02_a02,2,Seven-Lantern Lane,practice_and_apply,ZONE_A02_SevenLanternLane,g5_lq_t2_m02_a03|g5_lq_t2_m02_a04
grade_5,subject_literaquest,term_2,g5_lq_t2_m02,The Lantern Street Chronicle,SCN_G5_LQ_T2_M02_TheLanternStreetChronicle,g5_lq_t2_m02_a03,3,Chronicle Stage,resolve_and_master,ZONE_A03_ChronicleStage,g5_lq_t2_m02_a05
grade_5,subject_literaquest,term_2,g5_lq_t2_m03,The Two Neighborhood News Desk,SCN_G5_LQ_T2_M03_TheTwoNeighborhoodNewsDesk,g5_lq_t2_m03_a01,1,Source Desk,discover_and_connect,ZONE_A01_SourceDesk,g5_lq_t2_m03_a01|g5_lq_t2_m03_a02
grade_5,subject_literaquest,term_2,g5_lq_t2_m03,The Two Neighborhood News Desk,SCN_G5_LQ_T2_M03_TheTwoNeighborhoodNewsDesk,g5_lq_t2_m03_a02,2,Detail Rooms,practice_and_apply,ZONE_A02_DetailRooms,g5_lq_t2_m03_a03|g5_lq_t2_m03_a04
grade_5,subject_literaquest,term_2,g5_lq_t2_m03,The Two Neighborhood News Desk,SCN_G5_LQ_T2_M03_TheTwoNeighborhoodNewsDesk,g5_lq_t2_m03_a03,3,Editor’s Booth,resolve_and_master,ZONE_A03_EditorSBooth,g5_lq_t2_m03_a05
grade_5,subject_literaquest,term_2,g5_lq_t2_m04,The Respectful Reporter,SCN_G5_LQ_T2_M04_TheRespectfulReporter,g5_lq_t2_m04_a01,1,Camera Corner,discover_and_connect,ZONE_A01_CameraCorner,g5_lq_t2_m04_a01|g5_lq_t2_m04_a02
grade_5,subject_literaquest,term_2,g5_lq_t2_m04,The Respectful Reporter,SCN_G5_LQ_T2_M04_TheRespectfulReporter,g5_lq_t2_m04_a02,2,Interview Room,practice_and_apply,ZONE_A02_InterviewRoom,g5_lq_t2_m04_a03|g5_lq_t2_m04_a04
grade_5,subject_literaquest,term_2,g5_lq_t2_m04,The Respectful Reporter,SCN_G5_LQ_T2_M04_TheRespectfulReporter,g5_lq_t2_m04_a03,3,Edit Suite,resolve_and_master,ZONE_A03_EditSuite,g5_lq_t2_m04_a05
grade_5,subject_literaquest,term_2,g5_lq_t2_m05,The Community Calendar,SCN_G5_LQ_T2_M05_TheCommunityCalendar,g5_lq_t2_m05_a01,1,Calendar Archive,discover_and_connect,ZONE_A01_CalendarArchive,g5_lq_t2_m05_a01|g5_lq_t2_m05_a02
grade_5,subject_literaquest,term_2,g5_lq_t2_m05,The Community Calendar,SCN_G5_LQ_T2_M05_TheCommunityCalendar,g5_lq_t2_m05_a02,2,Information Window,practice_and_apply,ZONE_A02_InformationWindow,g5_lq_t2_m05_a03|g5_lq_t2_m05_a04
grade_5,subject_literaquest,term_2,g5_lq_t2_m05,The Community Calendar,SCN_G5_LQ_T2_M05_TheCommunityCalendar,g5_lq_t2_m05_a03,3,Review Council,resolve_and_master,ZONE_A03_ReviewCouncil,g5_lq_t2_m05_a05
grade_5,subject_literaquest,term_3,g5_lq_t3_m01,The Weaver’s Permission,SCN_G5_LQ_T3_M01_TheWeaverSPermission,g5_lq_t3_m01_a01,1,Unlabeled Gallery,discover_and_connect,ZONE_A01_UnlabeledGallery,g5_lq_t3_m01_a01|g5_lq_t3_m01_a02
grade_5,subject_literaquest,term_3,g5_lq_t3_m01,The Weaver’s Permission,SCN_G5_LQ_T3_M01_TheWeaverSPermission,g5_lq_t3_m01_a02,2,Council House,practice_and_apply,ZONE_A02_CouncilHouse,g5_lq_t3_m01_a03|g5_lq_t3_m01_a04
grade_5,subject_literaquest,term_3,g5_lq_t3_m01,The Weaver’s Permission,SCN_G5_LQ_T3_M01_TheWeaverSPermission,g5_lq_t3_m01_a03,3,Permission Loom,resolve_and_master,ZONE_A03_PermissionLoom,g5_lq_t3_m01_a05
grade_5,subject_literaquest,term_3,g5_lq_t3_m02,The River Celebration Story,SCN_G5_LQ_T3_M02_TheRiverCelebrationStory,g5_lq_t3_m02_a01,1,River Gate,discover_and_connect,ZONE_A01_RiverGate,g5_lq_t3_m02_a01|g5_lq_t3_m02_a02
grade_5,subject_literaquest,term_3,g5_lq_t3_m02,The River Celebration Story,SCN_G5_LQ_T3_M02_TheRiverCelebrationStory,g5_lq_t3_m02_a02,2,Seven-Stone Crossing,practice_and_apply,ZONE_A02_SevenStoneCrossing,g5_lq_t3_m02_a03|g5_lq_t3_m02_a04
grade_5,subject_literaquest,term_3,g5_lq_t3_m02,The River Celebration Story,SCN_G5_LQ_T3_M02_TheRiverCelebrationStory,g5_lq_t3_m02_a03,3,Story Landing,resolve_and_master,ZONE_A03_StoryLanding,g5_lq_t3_m02_a05
grade_5,subject_literaquest,term_3,g5_lq_t3_m03,The Mountain Memory Map,SCN_G5_LQ_T3_M03_TheMountainMemoryMap,g5_lq_t3_m03_a01,1,Reference Cabin,discover_and_connect,ZONE_A01_ReferenceCabin,g5_lq_t3_m03_a01|g5_lq_t3_m03_a02
grade_5,subject_literaquest,term_3,g5_lq_t3_m03,The Mountain Memory Map,SCN_G5_LQ_T3_M03_TheMountainMemoryMap,g5_lq_t3_m03_a02,2,Outline Pass,practice_and_apply,ZONE_A02_OutlinePass,g5_lq_t3_m03_a03|g5_lq_t3_m03_a04
grade_5,subject_literaquest,term_3,g5_lq_t3_m03,The Mountain Memory Map,SCN_G5_LQ_T3_M03_TheMountainMemoryMap,g5_lq_t3_m03_a03,3,Attribution Peak,resolve_and_master,ZONE_A03_AttributionPeak,g5_lq_t3_m03_a05
grade_5,subject_literaquest,term_3,g5_lq_t3_m04,The Festival Poster Problem,SCN_G5_LQ_T3_M04_TheFestivalPosterProblem,g5_lq_t3_m04_a01,1,Poster Square,discover_and_connect,ZONE_A01_PosterSquare,g5_lq_t3_m04_a01|g5_lq_t3_m04_a02
grade_5,subject_literaquest,term_3,g5_lq_t3_m04,The Festival Poster Problem,SCN_G5_LQ_T3_M04_TheFestivalPosterProblem,g5_lq_t3_m04_a02,2,Slogan Workshop,practice_and_apply,ZONE_A02_SloganWorkshop,g5_lq_t3_m04_a03|g5_lq_t3_m04_a04
grade_5,subject_literaquest,term_3,g5_lq_t3_m04,The Festival Poster Problem,SCN_G5_LQ_T3_M04_TheFestivalPosterProblem,g5_lq_t3_m04_a03,3,Approval Board,resolve_and_master,ZONE_A03_ApprovalBoard,g5_lq_t3_m04_a05
grade_5,subject_literaquest,term_3,g5_lq_t3_m05,The Living Heritage Exhibit,SCN_G5_LQ_T3_M05_TheLivingHeritageExhibit,g5_lq_t3_m05_a01,1,Story Gallery,discover_and_connect,ZONE_A01_StoryGallery,g5_lq_t3_m05_a01|g5_lq_t3_m05_a02
grade_5,subject_literaquest,term_3,g5_lq_t3_m05,The Living Heritage Exhibit,SCN_G5_LQ_T3_M05_TheLivingHeritageExhibit,g5_lq_t3_m05_a02,2,Language Gallery,practice_and_apply,ZONE_A02_LanguageGallery,g5_lq_t3_m05_a03|g5_lq_t3_m05_a04
grade_5,subject_literaquest,term_3,g5_lq_t3_m05,The Living Heritage Exhibit,SCN_G5_LQ_T3_M05_TheLivingHeritageExhibit,g5_lq_t3_m05_a03,3,Community Review Hall,resolve_and_master,ZONE_A03_CommunityReviewHall,g5_lq_t3_m05_a05
grade_5,subject_pe_health,term_1,g5_peh_t1_m01,The Storm Inside,SCN_G5_PEH_T1_M01_TheStormInside,g5_peh_t1_m01_a01,1,Signal Garden,discover_and_connect,ZONE_A01_SignalGarden,g5_peh_t1_m01_a01|g5_peh_t1_m01_a02
grade_5,subject_pe_health,term_1,g5_peh_t1_m01,The Storm Inside,SCN_G5_PEH_T1_M01_TheStormInside,g5_peh_t1_m01_a02,2,Plan Path,practice_and_apply,ZONE_A02_PlanPath,g5_peh_t1_m01_a03|g5_peh_t1_m01_a04
grade_5,subject_pe_health,term_1,g5_peh_t1_m01,The Storm Inside,SCN_G5_PEH_T1_M01_TheStormInside,g5_peh_t1_m01_a03,3,Rest Grove,resolve_and_master,ZONE_A03_RestGrove,g5_peh_t1_m01_a05
grade_5,subject_pe_health,term_1,g5_peh_t1_m02,The Brave Voice Bridge,SCN_G5_PEH_T1_M02_TheBraveVoiceBridge,g5_peh_t1_m02_a01,1,Respect Gate,discover_and_connect,ZONE_A01_RespectGate,g5_peh_t1_m02_a01|g5_peh_t1_m02_a02
grade_5,subject_pe_health,term_1,g5_peh_t1_m02,The Brave Voice Bridge,SCN_G5_PEH_T1_M02_TheBraveVoiceBridge,g5_peh_t1_m02_a02,2,Bystander Corner,practice_and_apply,ZONE_A02_BystanderCorner,g5_peh_t1_m02_a03|g5_peh_t1_m02_a04
grade_5,subject_pe_health,term_1,g5_peh_t1_m02,The Brave Voice Bridge,SCN_G5_PEH_T1_M02_TheBraveVoiceBridge,g5_peh_t1_m02_a03,3,Bridge Council,resolve_and_master,ZONE_A03_BridgeCouncil,g5_peh_t1_m02_a05
grade_5,subject_pe_health,term_1,g5_peh_t1_m03,The Change Garden,SCN_G5_PEH_T1_M03_TheChangeGarden,g5_peh_t1_m03_a01,1,Growth Path,discover_and_connect,ZONE_A01_GrowthPath,g5_peh_t1_m03_a01|g5_peh_t1_m03_a02
grade_5,subject_pe_health,term_1,g5_peh_t1_m03,The Change Garden,SCN_G5_PEH_T1_M03_TheChangeGarden,g5_peh_t1_m03_a02,2,Feeling Greenhouse,practice_and_apply,ZONE_A02_FeelingGreenhouse,g5_peh_t1_m03_a03|g5_peh_t1_m03_a04
grade_5,subject_pe_health,term_1,g5_peh_t1_m03,The Change Garden,SCN_G5_PEH_T1_M03_TheChangeGarden,g5_peh_t1_m03_a03,3,Myth Compost,resolve_and_master,ZONE_A03_MythCompost,g5_peh_t1_m03_a05
grade_5,subject_pe_health,term_1,g5_peh_t1_m04,The Family Circle,SCN_G5_PEH_T1_M04_TheFamilyCircle,g5_peh_t1_m04_a01,1,Listening Fire,discover_and_connect,ZONE_A01_ListeningFire,g5_peh_t1_m04_a01|g5_peh_t1_m04_a02
grade_5,subject_pe_health,term_1,g5_peh_t1_m04,The Family Circle,SCN_G5_PEH_T1_M04_TheFamilyCircle,g5_peh_t1_m04_a02,2,Question Trail,practice_and_apply,ZONE_A02_QuestionTrail,g5_peh_t1_m04_a03|g5_peh_t1_m04_a04
grade_5,subject_pe_health,term_1,g5_peh_t1_m04,The Family Circle,SCN_G5_PEH_T1_M04_TheFamilyCircle,g5_peh_t1_m04_a03,3,Support Map,resolve_and_master,ZONE_A03_SupportMap,g5_peh_t1_m04_a05
grade_5,subject_pe_health,term_1,g5_peh_t1_m05,The Active Court,SCN_G5_PEH_T1_M05_TheActiveCourt,g5_peh_t1_m05_a01,1,Ready Stance Yard,discover_and_connect,ZONE_A01_ReadyStanceYard,g5_peh_t1_m05_a01|g5_peh_t1_m05_a02
grade_5,subject_pe_health,term_1,g5_peh_t1_m05,The Active Court,SCN_G5_PEH_T1_M05_TheActiveCourt,g5_peh_t1_m05_a02,2,Strike Zone,practice_and_apply,ZONE_A02_StrikeZone,g5_peh_t1_m05_a03|g5_peh_t1_m05_a04
grade_5,subject_pe_health,term_1,g5_peh_t1_m05,The Active Court,SCN_G5_PEH_T1_M05_TheActiveCourt,g5_peh_t1_m05_a03,3,Net/Wall Court,resolve_and_master,ZONE_A03_NetWallCourt,g5_peh_t1_m05_a05
grade_5,subject_pe_health,term_2,g5_peh_t2_m01,The Label Lantern,SCN_G5_PEH_T2_M01_TheLabelLantern,g5_peh_t2_m01_a01,1,Purpose Shelf,discover_and_connect,ZONE_A01_PurposeShelf,g5_peh_t2_m01_a01|g5_peh_t2_m01_a02
grade_5,subject_pe_health,term_2,g5_peh_t2_m01,The Label Lantern,SCN_G5_PEH_T2_M01_TheLabelLantern,g5_peh_t2_m01_a02,2,Trusted Adult Window,practice_and_apply,ZONE_A02_TrustedAdultWindow,g5_peh_t2_m01_a03|g5_peh_t2_m01_a04
grade_5,subject_pe_health,term_2,g5_peh_t2_m01,The Label Lantern,SCN_G5_PEH_T2_M01_TheLabelLantern,g5_peh_t2_m01_a03,3,Storage Cabinet,resolve_and_master,ZONE_A03_StorageCabinet,g5_peh_t2_m01_a05
grade_5,subject_pe_health,term_2,g5_peh_t2_m02,The Safe Dose Trail,SCN_G5_PEH_T2_M02_TheSafeDoseTrail,g5_peh_t2_m02_a01,1,Measure Gate,discover_and_connect,ZONE_A01_MeasureGate,g5_peh_t2_m02_a01|g5_peh_t2_m02_a02
grade_5,subject_pe_health,term_2,g5_peh_t2_m02,The Safe Dose Trail,SCN_G5_PEH_T2_M02_TheSafeDoseTrail,g5_peh_t2_m02_a02,2,Warning Hill,practice_and_apply,ZONE_A02_WarningHill,g5_peh_t2_m02_a03|g5_peh_t2_m02_a04
grade_5,subject_pe_health,term_2,g5_peh_t2_m02,The Safe Dose Trail,SCN_G5_PEH_T2_M02_TheSafeDoseTrail,g5_peh_t2_m02_a03,3,Emergency Post,resolve_and_master,ZONE_A03_EmergencyPost,g5_peh_t2_m02_a05
grade_5,subject_pe_health,term_2,g5_peh_t2_m03,The Gateway Fog,SCN_G5_PEH_T2_M03_TheGatewayFog,g5_peh_t2_m03_a01,1,Message Screen,discover_and_connect,ZONE_A01_MessageScreen,g5_peh_t2_m03_a01|g5_peh_t2_m03_a02
grade_5,subject_pe_health,term_2,g5_peh_t2_m03,The Gateway Fog,SCN_G5_PEH_T2_M03_TheGatewayFog,g5_peh_t2_m03_a02,2,Family House,practice_and_apply,ZONE_A02_FamilyHouse,g5_peh_t2_m03_a03|g5_peh_t2_m03_a04
grade_5,subject_pe_health,term_2,g5_peh_t2_m03,The Gateway Fog,SCN_G5_PEH_T2_M03_TheGatewayFog,g5_peh_t2_m03_a03,3,Refusal Bridge,resolve_and_master,ZONE_A03_RefusalBridge,g5_peh_t2_m03_a05
grade_5,subject_pe_health,term_2,g5_peh_t2_m04,The Fitness Battery,SCN_G5_PEH_T2_M04_TheFitnessBattery,g5_peh_t2_m04_a01,1,Energy Gauge,discover_and_connect,ZONE_A01_EnergyGauge,g5_peh_t2_m04_a01|g5_peh_t2_m04_a02
grade_5,subject_pe_health,term_2,g5_peh_t2_m04,The Fitness Battery,SCN_G5_PEH_T2_M04_TheFitnessBattery,g5_peh_t2_m04_a02,2,Heart and Breath Station,practice_and_apply,ZONE_A02_HeartAndBreathStation,g5_peh_t2_m04_a03|g5_peh_t2_m04_a04
grade_5,subject_pe_health,term_2,g5_peh_t2_m04,The Fitness Battery,SCN_G5_PEH_T2_M04_TheFitnessBattery,g5_peh_t2_m04_a03,3,Team Safety Board,resolve_and_master,ZONE_A03_TeamSafetyBoard,g5_peh_t2_m04_a05
grade_5,subject_pe_health,term_2,g5_peh_t2_m05,The Rhythm Remedy,SCN_G5_PEH_T2_M05_TheRhythmRemedy,g5_peh_t2_m05_a01,1,Beat Steps,discover_and_connect,ZONE_A01_BeatSteps,g5_peh_t2_m05_a01|g5_peh_t2_m05_a02
grade_5,subject_pe_health,term_2,g5_peh_t2_m05,The Rhythm Remedy,SCN_G5_PEH_T2_M05_TheRhythmRemedy,g5_peh_t2_m05_a02,2,Choice Station,practice_and_apply,ZONE_A02_ChoiceStation,g5_peh_t2_m05_a03|g5_peh_t2_m05_a04
grade_5,subject_pe_health,term_2,g5_peh_t2_m05,The Rhythm Remedy,SCN_G5_PEH_T2_M05_TheRhythmRemedy,g5_peh_t2_m05_a03,3,Cool-Down Garden,resolve_and_master,ZONE_A03_CoolDownGarden,g5_peh_t2_m05_a05
grade_5,subject_pe_health,term_3,g5_peh_t3_m01,Safe Home Workshop,SCN_G5_PEH_T3_M01_SafeHomeWorkshop,g5_peh_t3_m01_a01,1,Kitchen Check,discover_and_connect,ZONE_A01_KitchenCheck,g5_peh_t3_m01_a01|g5_peh_t3_m01_a02
grade_5,subject_pe_health,term_3,g5_peh_t3_m01,Safe Home Workshop,SCN_G5_PEH_T3_M01_SafeHomeWorkshop,g5_peh_t3_m01_a02,2,Bedroom Check,practice_and_apply,ZONE_A02_BedroomCheck,g5_peh_t3_m01_a03|g5_peh_t3_m01_a04
grade_5,subject_pe_health,term_3,g5_peh_t3_m01,Safe Home Workshop,SCN_G5_PEH_T3_M01_SafeHomeWorkshop,g5_peh_t3_m01_a03,3,Family Plan Board,resolve_and_master,ZONE_A03_FamilyPlanBoard,g5_peh_t3_m01_a05
grade_5,subject_pe_health,term_3,g5_peh_t3_m02,School and Community Watch,SCN_G5_PEH_T3_M02_SchoolAndCommunityWatch,g5_peh_t3_m02_a01,1,Classroom Zone,discover_and_connect,ZONE_A01_ClassroomZone,g5_peh_t3_m02_a01|g5_peh_t3_m02_a02
grade_5,subject_pe_health,term_3,g5_peh_t3_m02,School and Community Watch,SCN_G5_PEH_T3_M02_SchoolAndCommunityWatch,g5_peh_t3_m02_a02,2,Community Zone,practice_and_apply,ZONE_A02_CommunityZone,g5_peh_t3_m02_a03|g5_peh_t3_m02_a04
grade_5,subject_pe_health,term_3,g5_peh_t3_m02,School and Community Watch,SCN_G5_PEH_T3_M02_SchoolAndCommunityWatch,g5_peh_t3_m02_a03,3,Watch Desk,resolve_and_master,ZONE_A03_WatchDesk,g5_peh_t3_m02_a05
grade_5,subject_pe_health,term_3,g5_peh_t3_m03,Roadwise Crossing,SCN_G5_PEH_T3_M03_RoadwiseCrossing,g5_peh_t3_m03_a01,1,Stop–Look–Listen Gate,discover_and_connect,ZONE_A01_StopLookListenGate,g5_peh_t3_m03_a01|g5_peh_t3_m03_a02
grade_5,subject_pe_health,term_3,g5_peh_t3_m03,Roadwise Crossing,SCN_G5_PEH_T3_M03_RoadwiseCrossing,g5_peh_t3_m03_a02,2,Passenger Bay,practice_and_apply,ZONE_A02_PassengerBay,g5_peh_t3_m03_a03|g5_peh_t3_m03_a04
grade_5,subject_pe_health,term_3,g5_peh_t3_m03,Roadwise Crossing,SCN_G5_PEH_T3_M03_RoadwiseCrossing,g5_peh_t3_m03_a03,3,Route Planner,resolve_and_master,ZONE_A03_RoutePlanner,g5_peh_t3_m03_a05
grade_5,subject_pe_health,term_3,g5_peh_t3_m04,Injury-Free Arena,SCN_G5_PEH_T3_M04_InjuryFreeArena,g5_peh_t3_m04_a01,1,Readiness Desk,discover_and_connect,ZONE_A01_ReadinessDesk,g5_peh_t3_m04_a01|g5_peh_t3_m04_a02
grade_5,subject_pe_health,term_3,g5_peh_t3_m04,Injury-Free Arena,SCN_G5_PEH_T3_M04_InjuryFreeArena,g5_peh_t3_m04_a02,2,Equipment Bay,practice_and_apply,ZONE_A02_EquipmentBay,g5_peh_t3_m04_a03|g5_peh_t3_m04_a04
grade_5,subject_pe_health,term_3,g5_peh_t3_m04,Injury-Free Arena,SCN_G5_PEH_T3_M04_InjuryFreeArena,g5_peh_t3_m04_a03,3,Response Station,resolve_and_master,ZONE_A03_ResponseStation,g5_peh_t3_m04_a05
grade_5,subject_pe_health,term_3,g5_peh_t3_m05,Festival of Safe Movement,SCN_G5_PEH_T3_M05_FestivalOfSafeMovement,g5_peh_t3_m05_a01,1,Home Start,discover_and_connect,ZONE_A01_HomeStart,g5_peh_t3_m05_a01|g5_peh_t3_m05_a02
grade_5,subject_pe_health,term_3,g5_peh_t3_m05,Festival of Safe Movement,SCN_G5_PEH_T3_M05_FestivalOfSafeMovement,g5_peh_t3_m05_a02,2,Road Transfer,practice_and_apply,ZONE_A02_RoadTransfer,g5_peh_t3_m05_a03|g5_peh_t3_m05_a04
grade_5,subject_pe_health,term_3,g5_peh_t3_m05,Festival of Safe Movement,SCN_G5_PEH_T3_M05_FestivalOfSafeMovement,g5_peh_t3_m05_a03,3,Final Dance,resolve_and_master,ZONE_A03_FinalDance,g5_peh_t3_m05_a05
grade_5,subject_science,term_1,g5_sci_t1_m01,The Vanishing Supply Cart,SCN_G5_SCI_T1_M01_TheVanishingSupplyCart,g5_sci_t1_m01_a01,1,Solid and Liquid Depot,discover_and_connect,ZONE_A01_SolidAndLiquidDepot,g5_sci_t1_m01_a01|g5_sci_t1_m01_a02
grade_5,subject_science,term_1,g5_sci_t1_m01,The Vanishing Supply Cart,SCN_G5_SCI_T1_M01_TheVanishingSupplyCart,g5_sci_t1_m01_a02,2,Gas and Mass Yard,practice_and_apply,ZONE_A02_GasAndMassYard,g5_sci_t1_m01_a03|g5_sci_t1_m01_a04
grade_5,subject_science,term_1,g5_sci_t1_m01,The Vanishing Supply Cart,SCN_G5_SCI_T1_M01_TheVanishingSupplyCart,g5_sci_t1_m01_a03,3,Classification Gate,resolve_and_master,ZONE_A03_ClassificationGate,g5_sci_t1_m01_a05
grade_5,subject_science,term_1,g5_sci_t1_m02,The Shape-and-Volume Harbor,SCN_G5_SCI_T1_M02_TheShapeAndVolumeHarbor,g5_sci_t1_m02_a01,1,Shape Pier,discover_and_connect,ZONE_A01_ShapePier,g5_sci_t1_m02_a01|g5_sci_t1_m02_a02
grade_5,subject_science,term_1,g5_sci_t1_m02,The Shape-and-Volume Harbor,SCN_G5_SCI_T1_M02_TheShapeAndVolumeHarbor,g5_sci_t1_m02_a02,2,Gas Chamber,practice_and_apply,ZONE_A02_GasChamber,g5_sci_t1_m02_a03|g5_sci_t1_m02_a04
grade_5,subject_science,term_1,g5_sci_t1_m02,The Shape-and-Volume Harbor,SCN_G5_SCI_T1_M02_TheShapeAndVolumeHarbor,g5_sci_t1_m02_a03,3,Storage Design Dock,resolve_and_master,ZONE_A03_StorageDesignDock,g5_sci_t1_m02_a05
grade_5,subject_science,term_1,g5_sci_t1_m03,The Young Investigator’s Kit,SCN_G5_SCI_T1_M03_TheYoungInvestigatorSKit,g5_sci_t1_m03_a01,1,Problem Desk,discover_and_connect,ZONE_A01_ProblemDesk,g5_sci_t1_m03_a01|g5_sci_t1_m03_a02
grade_5,subject_science,term_1,g5_sci_t1_m03,The Young Investigator’s Kit,SCN_G5_SCI_T1_M03_TheYoungInvestigatorSKit,g5_sci_t1_m03_a02,2,Unit Match,practice_and_apply,ZONE_A02_UnitMatch,g5_sci_t1_m03_a03|g5_sci_t1_m03_a04
grade_5,subject_science,term_1,g5_sci_t1_m03,The Young Investigator’s Kit,SCN_G5_SCI_T1_M03_TheYoungInvestigatorSKit,g5_sci_t1_m03_a03,3,Findings Board,resolve_and_master,ZONE_A03_FindingsBoard,g5_sci_t1_m03_a05
grade_5,subject_science,term_1,g5_sci_t1_m04,The Living Things Sorting Forest,SCN_G5_SCI_T1_M04_TheLivingThingsSortingForest,g5_sci_t1_m04_a01,1,Observation Trail,discover_and_connect,ZONE_A01_ObservationTrail,g5_sci_t1_m04_a01|g5_sci_t1_m04_a02
grade_5,subject_science,term_1,g5_sci_t1_m04,The Living Things Sorting Forest,SCN_G5_SCI_T1_M04_TheLivingThingsSortingForest,g5_sci_t1_m04_a02,2,Animal Crossing,practice_and_apply,ZONE_A02_AnimalCrossing,g5_sci_t1_m04_a03|g5_sci_t1_m04_a04
grade_5,subject_science,term_1,g5_sci_t1_m04,The Living Things Sorting Forest,SCN_G5_SCI_T1_M04_TheLivingThingsSortingForest,g5_sci_t1_m04_a03,3,Classification Table,resolve_and_master,ZONE_A03_ClassificationTable,g5_sci_t1_m04_a05
grade_5,subject_science,term_1,g5_sci_t1_m05,The Survival Garden,SCN_G5_SCI_T1_M05_TheSurvivalGarden,g5_sci_t1_m05_a01,1,Underground Storehouse,discover_and_connect,ZONE_A01_UndergroundStorehouse,g5_sci_t1_m05_a01|g5_sci_t1_m05_a02
grade_5,subject_science,term_1,g5_sci_t1_m05,The Survival Garden,SCN_G5_SCI_T1_M05_TheSurvivalGarden,g5_sci_t1_m05_a02,2,Aerial Root Walk,practice_and_apply,ZONE_A02_AerialRootWalk,g5_sci_t1_m05_a03|g5_sci_t1_m05_a04
grade_5,subject_science,term_1,g5_sci_t1_m05,The Survival Garden,SCN_G5_SCI_T1_M05_TheSurvivalGarden,g5_sci_t1_m05_a03,3,Flood Garden,resolve_and_master,ZONE_A03_FloodGarden,g5_sci_t1_m05_a05
grade_5,subject_science,term_2,g5_sci_t2_m01,The Two Body Pathways,SCN_G5_SCI_T2_M01_TheTwoBodyPathways,g5_sci_t2_m01_a01,1,Mouth Station,discover_and_connect,ZONE_A01_MouthStation,g5_sci_t2_m01_a01|g5_sci_t2_m01_a02
grade_5,subject_science,term_2,g5_sci_t2_m01,The Two Body Pathways,SCN_G5_SCI_T2_M01_TheTwoBodyPathways,g5_sci_t2_m01_a02,2,Stomach and Intestine Lab,practice_and_apply,ZONE_A02_StomachAndIntestineLab,g5_sci_t2_m01_a03|g5_sci_t2_m01_a04
grade_5,subject_science,term_2,g5_sci_t2_m01,The Two Body Pathways,SCN_G5_SCI_T2_M01_TheTwoBodyPathways,g5_sci_t2_m01_a03,3,Systems Link,resolve_and_master,ZONE_A03_SystemsLink,g5_sci_t2_m01_a05
grade_5,subject_science,term_2,g5_sci_t2_m02,The Growing Life Gallery,SCN_G5_SCI_T2_M02_TheGrowingLifeGallery,g5_sci_t2_m02_a01,1,Body Diagram Room,discover_and_connect,ZONE_A01_BodyDiagramRoom,g5_sci_t2_m02_a01|g5_sci_t2_m02_a02
grade_5,subject_science,term_2,g5_sci_t2_m02,The Growing Life Gallery,SCN_G5_SCI_T2_M02_TheGrowingLifeGallery,g5_sci_t2_m02_a02,2,Egg-Laying Hall,practice_and_apply,ZONE_A02_EggLayingHall,g5_sci_t2_m02_a03|g5_sci_t2_m02_a04
grade_5,subject_science,term_2,g5_sci_t2_m02,The Growing Life Gallery,SCN_G5_SCI_T2_M02_TheGrowingLifeGallery,g5_sci_t2_m02_a03,3,Respect Review,resolve_and_master,ZONE_A03_RespectReview,g5_sci_t2_m02_a05
grade_5,subject_science,term_2,g5_sci_t2_m03,Camouflage Creek,SCN_G5_SCI_T2_M03_CamouflageCreek,g5_sci_t2_m03_a01,1,Mammal Path,discover_and_connect,ZONE_A01_MammalPath,g5_sci_t2_m03_a01|g5_sci_t2_m03_a02
grade_5,subject_science,term_2,g5_sci_t2_m03,Camouflage Creek,SCN_G5_SCI_T2_M03_CamouflageCreek,g5_sci_t2_m03_a02,2,Plant Bed,practice_and_apply,ZONE_A02_PlantBed,g5_sci_t2_m03_a03|g5_sci_t2_m03_a04
grade_5,subject_science,term_2,g5_sci_t2_m03,Camouflage Creek,SCN_G5_SCI_T2_M03_CamouflageCreek,g5_sci_t2_m03_a03,3,Mimicry Bend,resolve_and_master,ZONE_A03_MimicryBend,g5_sci_t2_m03_a05
grade_5,subject_science,term_2,g5_sci_t2_m04,Push–Pull Workshop,SCN_G5_SCI_T2_M04_PushPullWorkshop,g5_sci_t2_m04_a01,1,Push Lane,discover_and_connect,ZONE_A01_PushLane,g5_sci_t2_m04_a01|g5_sci_t2_m04_a02
grade_5,subject_science,term_2,g5_sci_t2_m04,Push–Pull Workshop,SCN_G5_SCI_T2_M04_PushPullWorkshop,g5_sci_t2_m04_a02,2,Contact Gate,practice_and_apply,ZONE_A02_ContactGate,g5_sci_t2_m04_a03|g5_sci_t2_m04_a04
grade_5,subject_science,term_2,g5_sci_t2_m04,Push–Pull Workshop,SCN_G5_SCI_T2_M04_PushPullWorkshop,g5_sci_t2_m04_a03,3,Fair-Test Setup,resolve_and_master,ZONE_A03_FairTestSetup,g5_sci_t2_m04_a05
grade_5,subject_science,term_2,g5_sci_t2_m05,Friction Hill and Gravity Drop,SCN_G5_SCI_T2_M05_FrictionHillAndGravityDrop,g5_sci_t2_m05_a01,1,Surface Track,discover_and_connect,ZONE_A01_SurfaceTrack,g5_sci_t2_m05_a01|g5_sci_t2_m05_a02
grade_5,subject_science,term_2,g5_sci_t2_m05,Friction Hill and Gravity Drop,SCN_G5_SCI_T2_M05_FrictionHillAndGravityDrop,g5_sci_t2_m05_a02,2,Grip Design,practice_and_apply,ZONE_A02_GripDesign,g5_sci_t2_m05_a03|g5_sci_t2_m05_a04
grade_5,subject_science,term_2,g5_sci_t2_m05,Friction Hill and Gravity Drop,SCN_G5_SCI_T2_M05_FrictionHillAndGravityDrop,g5_sci_t2_m05_a03,3,Evidence Ramp,resolve_and_master,ZONE_A03_EvidenceRamp,g5_sci_t2_m05_a05
grade_5,subject_science,term_3,g5_sci_t3_m01,The Sparkless Workshop,SCN_G5_SCI_T3_M01_TheSparklessWorkshop,g5_sci_t3_m01_a01,1,Static Table,discover_and_connect,ZONE_A01_StaticTable,g5_sci_t3_m01_a01|g5_sci_t3_m01_a02
grade_5,subject_science,term_3,g5_sci_t3_m01,The Sparkless Workshop,SCN_G5_SCI_T3_M01_TheSparklessWorkshop,g5_sci_t3_m01_a02,2,Conductor Test,practice_and_apply,ZONE_A02_ConductorTest,g5_sci_t3_m01_a03|g5_sci_t3_m01_a04
grade_5,subject_science,term_3,g5_sci_t3_m01,The Sparkless Workshop,SCN_G5_SCI_T3_M01_TheSparklessWorkshop,g5_sci_t3_m01_a03,3,Electromagnet Crane,resolve_and_master,ZONE_A03_ElectromagnetCrane,g5_sci_t3_m01_a05
grade_5,subject_science,term_3,g5_sci_t3_m02,The Rock and Landform Trail,SCN_G5_SCI_T3_M02_TheRockAndLandformTrail,g5_sci_t3_m02_a01,1,Landform Lookout,discover_and_connect,ZONE_A01_LandformLookout,g5_sci_t3_m02_a01|g5_sci_t3_m02_a02
grade_5,subject_science,term_3,g5_sci_t3_m02,The Rock and Landform Trail,SCN_G5_SCI_T3_M02_TheRockAndLandformTrail,g5_sci_t3_m02_a02,2,Rock Table,practice_and_apply,ZONE_A02_RockTable,g5_sci_t3_m02_a03|g5_sci_t3_m02_a04
grade_5,subject_science,term_3,g5_sci_t3_m02,The Rock and Landform Trail,SCN_G5_SCI_T3_M02_TheRockAndLandformTrail,g5_sci_t3_m02_a03,3,Soil Corner,resolve_and_master,ZONE_A03_SoilCorner,g5_sci_t3_m02_a05
grade_5,subject_science,term_3,g5_sci_t3_m03,The Erosion River and Water Cycle,SCN_G5_SCI_T3_M03_TheErosionRiverAndWaterCycle,g5_sci_t3_m03_a01,1,Weathering Bank,discover_and_connect,ZONE_A01_WeatheringBank,g5_sci_t3_m03_a01|g5_sci_t3_m03_a02
grade_5,subject_science,term_3,g5_sci_t3_m03,The Erosion River and Water Cycle,SCN_G5_SCI_T3_M03_TheErosionRiverAndWaterCycle,g5_sci_t3_m03_a02,2,Deposition Basin,practice_and_apply,ZONE_A02_DepositionBasin,g5_sci_t3_m03_a03|g5_sci_t3_m03_a04
grade_5,subject_science,term_3,g5_sci_t3_m03,The Erosion River and Water Cycle,SCN_G5_SCI_T3_M03_TheErosionRiverAndWaterCycle,g5_sci_t3_m03_a03,3,Protection Design,resolve_and_master,ZONE_A03_ProtectionDesign,g5_sci_t3_m03_a05
grade_5,subject_science,term_3,g5_sci_t3_m04,The Storm Signal Station,SCN_G5_SCI_T3_M04_TheStormSignalStation,g5_sci_t3_m04_a01,1,Before Station,discover_and_connect,ZONE_A01_BeforeStation,g5_sci_t3_m04_a01|g5_sci_t3_m04_a02
grade_5,subject_science,term_3,g5_sci_t3_m04,The Storm Signal Station,SCN_G5_SCI_T3_M04_TheStormSignalStation,g5_sci_t3_m04_a02,2,Home/School Plan,practice_and_apply,ZONE_A02_HomeSchoolPlan,g5_sci_t3_m04_a03|g5_sci_t3_m04_a04
grade_5,subject_science,term_3,g5_sci_t3_m04,The Storm Signal Station,SCN_G5_SCI_T3_M04_TheStormSignalStation,g5_sci_t3_m04_a03,3,After Check,resolve_and_master,ZONE_A03_AfterCheck,g5_sci_t3_m04_a05
grade_5,subject_science,term_3,g5_sci_t3_m05,Moonlight Solar Harbor,SCN_G5_SCI_T3_M05_MoonlightSolarHarbor,g5_sci_t3_m05_a01,1,Solar Map,discover_and_connect,ZONE_A01_SolarMap,g5_sci_t3_m05_a01|g5_sci_t3_m05_a02
grade_5,subject_science,term_3,g5_sci_t3_m05,Moonlight Solar Harbor,SCN_G5_SCI_T3_M05_MoonlightSolarHarbor,g5_sci_t3_m05_a02,2,Orbit Walk,practice_and_apply,ZONE_A02_OrbitWalk,g5_sci_t3_m05_a03|g5_sci_t3_m05_a04
grade_5,subject_science,term_3,g5_sci_t3_m05,Moonlight Solar Harbor,SCN_G5_SCI_T3_M05_MoonlightSolarHarbor,g5_sci_t3_m05_a03,3,Model Limits Lab,resolve_and_master,ZONE_A03_ModelLimitsLab,g5_sci_t3_m05_a05
grade_6,subject_literaquest,term_1,g6_lq_t1_m01,The Flashback Lantern,SCN_G6_LQ_T1_M01_TheFlashbackLantern,g6_lq_t1_m01_a01,1,Present-Day Plaza,discover_and_connect,ZONE_A01_PresentDayPlaza,g6_lq_t1_m01_a01|g6_lq_t1_m01_a02
grade_6,subject_literaquest,term_1,g6_lq_t1_m01,The Flashback Lantern,SCN_G6_LQ_T1_M01_TheFlashbackLantern,g6_lq_t1_m01_a02,2,Silent Path,practice_and_apply,ZONE_A02_SilentPath,g6_lq_t1_m01_a03|g6_lq_t1_m01_a04
grade_6,subject_literaquest,term_1,g6_lq_t1_m01,The Flashback Lantern,SCN_G6_LQ_T1_M01_TheFlashbackLantern,g6_lq_t1_m01_a03,3,Lantern Chamber,resolve_and_master,ZONE_A03_LanternChamber,g6_lq_t1_m01_a05
grade_6,subject_literaquest,term_1,g6_lq_t1_m02,The Eight-Step Mystery,SCN_G6_LQ_T1_M02_TheEightStepMystery,g6_lq_t1_m02_a01,1,Marker One,discover_and_connect,ZONE_A01_MarkerOne,g6_lq_t1_m02_a01|g6_lq_t1_m02_a02
grade_6,subject_literaquest,term_1,g6_lq_t1_m02,The Eight-Step Mystery,SCN_G6_LQ_T1_M02_TheEightStepMystery,g6_lq_t1_m02_a02,2,Markers Five–Seven,practice_and_apply,ZONE_A02_MarkersFiveSeven,g6_lq_t1_m02_a03|g6_lq_t1_m02_a04
grade_6,subject_literaquest,term_1,g6_lq_t1_m02,The Eight-Step Mystery,SCN_G6_LQ_T1_M02_TheEightStepMystery,g6_lq_t1_m02_a03,3,Blank Eighth Marker,resolve_and_master,ZONE_A03_BlankEighthMarker,g6_lq_t1_m02_a05
grade_6,subject_literaquest,term_1,g6_lq_t1_m03,The Poster That Spoke Too Loudly,SCN_G6_LQ_T1_M03_ThePosterThatSpokeTooLoudly,g6_lq_t1_m03_a01,1,Slogan Gate,discover_and_connect,ZONE_A01_SloganGate,g6_lq_t1_m03_a01|g6_lq_t1_m03_a02
grade_6,subject_literaquest,term_1,g6_lq_t1_m03,The Poster That Spoke Too Loudly,SCN_G6_LQ_T1_M03_ThePosterThatSpokeTooLoudly,g6_lq_t1_m03_a02,2,Description Studio,practice_and_apply,ZONE_A02_DescriptionStudio,g6_lq_t1_m03_a03|g6_lq_t1_m03_a04
grade_6,subject_literaquest,term_1,g6_lq_t1_m03,The Poster That Spoke Too Loudly,SCN_G6_LQ_T1_M03_ThePosterThatSpokeTooLoudly,g6_lq_t1_m03_a03,3,Design Press,resolve_and_master,ZONE_A03_DesignPress,g6_lq_t1_m03_a05
grade_6,subject_literaquest,term_1,g6_lq_t1_m04,The Festival Newsroom,SCN_G6_LQ_T1_M04_TheFestivalNewsroom,g6_lq_t1_m04_a01,1,Assignment Desk,discover_and_connect,ZONE_A01_AssignmentDesk,g6_lq_t1_m04_a01|g6_lq_t1_m04_a02
grade_6,subject_literaquest,term_1,g6_lq_t1_m04,The Festival Newsroom,SCN_G6_LQ_T1_M04_TheFestivalNewsroom,g6_lq_t1_m04_a02,2,Evidence Room,practice_and_apply,ZONE_A02_EvidenceRoom,g6_lq_t1_m04_a03|g6_lq_t1_m04_a04
grade_6,subject_literaquest,term_1,g6_lq_t1_m04,The Festival Newsroom,SCN_G6_LQ_T1_M04_TheFestivalNewsroom,g6_lq_t1_m04_a03,3,Editor’s Table,resolve_and_master,ZONE_A03_EditorSTable,g6_lq_t1_m04_a05
grade_6,subject_literaquest,term_1,g6_lq_t1_m05,The Archive of Many Voices,SCN_G6_LQ_T1_M05_TheArchiveOfManyVoices,g6_lq_t1_m05_a01,1,Voice Gallery,discover_and_connect,ZONE_A01_VoiceGallery,g6_lq_t1_m05_a01|g6_lq_t1_m05_a02
grade_6,subject_literaquest,term_1,g6_lq_t1_m05,The Archive of Many Voices,SCN_G6_LQ_T1_M05_TheArchiveOfManyVoices,g6_lq_t1_m05_a02,2,Language Lab,practice_and_apply,ZONE_A02_LanguageLab,g6_lq_t1_m05_a03|g6_lq_t1_m05_a04
grade_6,subject_literaquest,term_1,g6_lq_t1_m05,The Archive of Many Voices,SCN_G6_LQ_T1_M05_TheArchiveOfManyVoices,g6_lq_t1_m05_a03,3,Curator’s Chamber,resolve_and_master,ZONE_A03_CuratorSChamber,g6_lq_t1_m05_a05
grade_6,subject_literaquest,term_2,g6_lq_t2_m01,The Missing Almanac,SCN_G6_LQ_T2_M01_TheMissingAlmanac,g6_lq_t2_m01_a01,1,Index Porch,discover_and_connect,ZONE_A01_IndexPorch,g6_lq_t2_m01_a01|g6_lq_t2_m01_a02
grade_6,subject_literaquest,term_2,g6_lq_t2_m01,The Missing Almanac,SCN_G6_LQ_T2_M01_TheMissingAlmanac,g6_lq_t2_m01_a02,2,Context Cabinet,practice_and_apply,ZONE_A02_ContextCabinet,g6_lq_t2_m01_a03|g6_lq_t2_m01_a04
grade_6,subject_literaquest,term_2,g6_lq_t2_m01,The Missing Almanac,SCN_G6_LQ_T2_M01_TheMissingAlmanac,g6_lq_t2_m01_a03,3,Reference Desk,resolve_and_master,ZONE_A03_ReferenceDesk,g6_lq_t2_m01_a05
grade_6,subject_literaquest,term_2,g6_lq_t2_m02,The Survey of Stories,SCN_G6_LQ_T2_M02_TheSurveyOfStories,g6_lq_t2_m02_a01,1,Purpose Gate,discover_and_connect,ZONE_A01_PurposeGate,g6_lq_t2_m02_a01|g6_lq_t2_m02_a02
grade_6,subject_literaquest,term_2,g6_lq_t2_m02,The Survey of Stories,SCN_G6_LQ_T2_M02_TheSurveyOfStories,g6_lq_t2_m02_a02,2,Interview Square,practice_and_apply,ZONE_A02_InterviewSquare,g6_lq_t2_m02_a03|g6_lq_t2_m02_a04
grade_6,subject_literaquest,term_2,g6_lq_t2_m02,The Survey of Stories,SCN_G6_LQ_T2_M02_TheSurveyOfStories,g6_lq_t2_m02_a03,3,Summary Hall,resolve_and_master,ZONE_A03_SummaryHall,g6_lq_t2_m02_a05
grade_6,subject_literaquest,term_2,g6_lq_t2_m03,The Fact and Opinion Ferry,SCN_G6_LQ_T2_M03_TheFactAndOpinionFerry,g6_lq_t2_m03_a01,1,Ticket Booth,discover_and_connect,ZONE_A01_TicketBooth,g6_lq_t2_m03_a01|g6_lq_t2_m03_a02
grade_6,subject_literaquest,term_2,g6_lq_t2_m03,The Fact and Opinion Ferry,SCN_G6_LQ_T2_M03_TheFactAndOpinionFerry,g6_lq_t2_m03_a02,2,Explanation Cabin,practice_and_apply,ZONE_A02_ExplanationCabin,g6_lq_t2_m03_a03|g6_lq_t2_m03_a04
grade_6,subject_literaquest,term_2,g6_lq_t2_m03,The Fact and Opinion Ferry,SCN_G6_LQ_T2_M03_TheFactAndOpinionFerry,g6_lq_t2_m03_a03,3,Conclusion Dock,resolve_and_master,ZONE_A03_ConclusionDock,g6_lq_t2_m03_a05
grade_6,subject_literaquest,term_2,g6_lq_t2_m04,The Persuasion Bazaar,SCN_G6_LQ_T2_M04_ThePersuasionBazaar,g6_lq_t2_m04_a01,1,Slogan Row,discover_and_connect,ZONE_A01_SloganRow,g6_lq_t2_m04_a01|g6_lq_t2_m04_a02
grade_6,subject_literaquest,term_2,g6_lq_t2_m04,The Persuasion Bazaar,SCN_G6_LQ_T2_M04_ThePersuasionBazaar,g6_lq_t2_m04_a02,2,Bandwagon Bridge,practice_and_apply,ZONE_A02_BandwagonBridge,g6_lq_t2_m04_a03|g6_lq_t2_m04_a04
grade_6,subject_literaquest,term_2,g6_lq_t2_m04,The Persuasion Bazaar,SCN_G6_LQ_T2_M04_ThePersuasionBazaar,g6_lq_t2_m04_a03,3,Fair Ad Studio,resolve_and_master,ZONE_A03_FairAdStudio,g6_lq_t2_m04_a05
grade_6,subject_literaquest,term_2,g6_lq_t2_m05,The Multimedia Chronicle,SCN_G6_LQ_T2_M05_TheMultimediaChronicle,g6_lq_t2_m05_a01,1,Script Room,discover_and_connect,ZONE_A01_ScriptRoom,g6_lq_t2_m05_a01|g6_lq_t2_m05_a02
grade_6,subject_literaquest,term_2,g6_lq_t2_m05,The Multimedia Chronicle,SCN_G6_LQ_T2_M05_TheMultimediaChronicle,g6_lq_t2_m05_a02,2,Sound Booth,practice_and_apply,ZONE_A02_SoundBooth,g6_lq_t2_m05_a03|g6_lq_t2_m05_a04
grade_6,subject_literaquest,term_2,g6_lq_t2_m05,The Multimedia Chronicle,SCN_G6_LQ_T2_M05_TheMultimediaChronicle,g6_lq_t2_m05_a03,3,Review Theater,resolve_and_master,ZONE_A03_ReviewTheater,g6_lq_t2_m05_a05
grade_6,subject_literaquest,term_3,g6_lq_t3_m01,The Purpose Behind the Message,SCN_G6_LQ_T3_M01_ThePurposeBehindTheMessage,g6_lq_t3_m01_a01,1,Message Gate,discover_and_connect,ZONE_A01_MessageGate,g6_lq_t3_m01_a01|g6_lq_t3_m01_a02
grade_6,subject_literaquest,term_3,g6_lq_t3_m01,The Purpose Behind the Message,SCN_G6_LQ_T3_M01_ThePurposeBehindTheMessage,g6_lq_t3_m01_a02,2,Tone Tower,practice_and_apply,ZONE_A02_ToneTower,g6_lq_t3_m01_a03|g6_lq_t3_m01_a04
grade_6,subject_literaquest,term_3,g6_lq_t3_m01,The Purpose Behind the Message,SCN_G6_LQ_T3_M01_ThePurposeBehindTheMessage,g6_lq_t3_m01_a03,3,Audience Forum,resolve_and_master,ZONE_A03_AudienceForum,g6_lq_t3_m01_a05
grade_6,subject_literaquest,term_3,g6_lq_t3_m02,The Stereotype Mirror,SCN_G6_LQ_T3_M02_TheStereotypeMirror,g6_lq_t3_m02_a01,1,Label Hall,discover_and_connect,ZONE_A01_LabelHall,g6_lq_t3_m02_a01|g6_lq_t3_m02_a02
grade_6,subject_literaquest,term_3,g6_lq_t3_m02,The Stereotype Mirror,SCN_G6_LQ_T3_M02_TheStereotypeMirror,g6_lq_t3_m02_a02,2,Context Room,practice_and_apply,ZONE_A02_ContextRoom,g6_lq_t3_m02_a03|g6_lq_t3_m02_a04
grade_6,subject_literaquest,term_3,g6_lq_t3_m02,The Stereotype Mirror,SCN_G6_LQ_T3_M02_TheStereotypeMirror,g6_lq_t3_m02_a03,3,Respect Gallery,resolve_and_master,ZONE_A03_RespectGallery,g6_lq_t3_m02_a05
grade_6,subject_literaquest,term_3,g6_lq_t3_m03,The Evidence Tower,SCN_G6_LQ_T3_M03_TheEvidenceTower,g6_lq_t3_m03_a01,1,Claim Floor,discover_and_connect,ZONE_A01_ClaimFloor,g6_lq_t3_m03_a01|g6_lq_t3_m03_a02
grade_6,subject_literaquest,term_3,g6_lq_t3_m03,The Evidence Tower,SCN_G6_LQ_T3_M03_TheEvidenceTower,g6_lq_t3_m03_a02,2,Outline Floor,practice_and_apply,ZONE_A02_OutlineFloor,g6_lq_t3_m03_a03|g6_lq_t3_m03_a04
grade_6,subject_literaquest,term_3,g6_lq_t3_m03,The Evidence Tower,SCN_G6_LQ_T3_M03_TheEvidenceTower,g6_lq_t3_m03_a03,3,Conclusion Floor,resolve_and_master,ZONE_A03_ConclusionFloor,g6_lq_t3_m03_a05
grade_6,subject_literaquest,term_3,g6_lq_t3_m04,The Public Service Studio,SCN_G6_LQ_T3_M04_ThePublicServiceStudio,g6_lq_t3_m04_a01,1,Briefing Desk,discover_and_connect,ZONE_A01_BriefingDesk,g6_lq_t3_m04_a01|g6_lq_t3_m04_a02
grade_6,subject_literaquest,term_3,g6_lq_t3_m04,The Public Service Studio,SCN_G6_LQ_T3_M04_ThePublicServiceStudio,g6_lq_t3_m04_a02,2,Script Studio,practice_and_apply,ZONE_A02_ScriptStudio,g6_lq_t3_m04_a03|g6_lq_t3_m04_a04
grade_6,subject_literaquest,term_3,g6_lq_t3_m04,The Public Service Studio,SCN_G6_LQ_T3_M04_ThePublicServiceStudio,g6_lq_t3_m04_a03,3,Edit Control,resolve_and_master,ZONE_A03_EditControl,g6_lq_t3_m04_a05
grade_6,subject_literaquest,term_3,g6_lq_t3_m05,The Community Story Summit,SCN_G6_LQ_T3_M05_TheCommunityStorySummit,g6_lq_t3_m05_a01,1,Literary Pavilion,discover_and_connect,ZONE_A01_LiteraryPavilion,g6_lq_t3_m05_a01|g6_lq_t3_m05_a02
grade_6,subject_literaquest,term_3,g6_lq_t3_m05,The Community Story Summit,SCN_G6_LQ_T3_M05_TheCommunityStorySummit,g6_lq_t3_m05_a02,2,Persuasion Pavilion,practice_and_apply,ZONE_A02_PersuasionPavilion,g6_lq_t3_m05_a03|g6_lq_t3_m05_a04
grade_6,subject_literaquest,term_3,g6_lq_t3_m05,The Community Story Summit,SCN_G6_LQ_T3_M05_TheCommunityStorySummit,g6_lq_t3_m05_a03,3,Council Chamber,resolve_and_master,ZONE_A03_CouncilChamber,g6_lq_t3_m05_a05
grade_6,subject_pe_health,term_1,g6_peh_t1_m01,The Dimensions Grove,SCN_G6_PEH_T1_M01_TheDimensionsGrove,g6_peh_t1_m01_a01,1,Body Path,discover_and_connect,ZONE_A01_BodyPath,g6_peh_t1_m01_a01|g6_peh_t1_m01_a02
grade_6,subject_pe_health,term_1,g6_peh_t1_m01,The Dimensions Grove,SCN_G6_PEH_T1_M01_TheDimensionsGrove,g6_peh_t1_m01_a02,2,Relationship Path,practice_and_apply,ZONE_A02_RelationshipPath,g6_peh_t1_m01_a03|g6_peh_t1_m01_a04
grade_6,subject_pe_health,term_1,g6_peh_t1_m01,The Dimensions Grove,SCN_G6_PEH_T1_M01_TheDimensionsGrove,g6_peh_t1_m01_a03,3,Environment Path,resolve_and_master,ZONE_A03_EnvironmentPath,g6_peh_t1_m01_a05
grade_6,subject_pe_health,term_1,g6_peh_t1_m02,Ripple of Change,SCN_G6_PEH_T1_M02_RippleOfChange,g6_peh_t1_m02_a01,1,First Ripple,discover_and_connect,ZONE_A01_FirstRipple,g6_peh_t1_m02_a01|g6_peh_t1_m02_a02
grade_6,subject_pe_health,term_1,g6_peh_t1_m02,Ripple of Change,SCN_G6_PEH_T1_M02_RippleOfChange,g6_peh_t1_m02_a02,2,Emotion Ripple,practice_and_apply,ZONE_A02_EmotionRipple,g6_peh_t1_m02_a03|g6_peh_t1_m02_a04
grade_6,subject_pe_health,term_1,g6_peh_t1_m02,Ripple of Change,SCN_G6_PEH_T1_M02_RippleOfChange,g6_peh_t1_m02_a03,3,Repair Pool,resolve_and_master,ZONE_A03_RepairPool,g6_peh_t1_m02_a05
grade_6,subject_pe_health,term_1,g6_peh_t1_m03,The Personal Wellness Plan,SCN_G6_PEH_T1_M03_ThePersonalWellnessPlan,g6_peh_t1_m03_a01,1,Goal Hall,discover_and_connect,ZONE_A01_GoalHall,g6_peh_t1_m03_a01|g6_peh_t1_m03_a02
grade_6,subject_pe_health,term_1,g6_peh_t1_m03,The Personal Wellness Plan,SCN_G6_PEH_T1_M03_ThePersonalWellnessPlan,g6_peh_t1_m03_a02,2,Barrier Bridge,practice_and_apply,ZONE_A02_BarrierBridge,g6_peh_t1_m03_a03|g6_peh_t1_m03_a04
grade_6,subject_pe_health,term_1,g6_peh_t1_m03,The Personal Wellness Plan,SCN_G6_PEH_T1_M03_ThePersonalWellnessPlan,g6_peh_t1_m03_a03,3,Review Station,resolve_and_master,ZONE_A03_ReviewStation,g6_peh_t1_m03_a05
grade_6,subject_pe_health,term_1,g6_peh_t1_m04,Target Game Trail,SCN_G6_PEH_T1_M04_TargetGameTrail,g6_peh_t1_m04_a01,1,Aim Point,discover_and_connect,ZONE_A01_AimPoint,g6_peh_t1_m04_a01|g6_peh_t1_m04_a02
grade_6,subject_pe_health,term_1,g6_peh_t1_m04,Target Game Trail,SCN_G6_PEH_T1_M04_TargetGameTrail,g6_peh_t1_m04_a02,2,Accuracy Circle,practice_and_apply,ZONE_A02_AccuracyCircle,g6_peh_t1_m04_a03|g6_peh_t1_m04_a04
grade_6,subject_pe_health,term_1,g6_peh_t1_m04,Target Game Trail,SCN_G6_PEH_T1_M04_TargetGameTrail,g6_peh_t1_m04_a03,3,Inclusive Rules Court,resolve_and_master,ZONE_A03_InclusiveRulesCourt,g6_peh_t1_m04_a05
grade_6,subject_pe_health,term_1,g6_peh_t1_m05,Invasion Game Commons,SCN_G6_PEH_T1_M05_InvasionGameCommons,g6_peh_t1_m05_a01,1,Space Grid,discover_and_connect,ZONE_A01_SpaceGrid,g6_peh_t1_m05_a01|g6_peh_t1_m05_a02
grade_6,subject_pe_health,term_1,g6_peh_t1_m05,Invasion Game Commons,SCN_G6_PEH_T1_M05_InvasionGameCommons,g6_peh_t1_m05_a02,2,Defense Line,practice_and_apply,ZONE_A02_DefenseLine,g6_peh_t1_m05_a03|g6_peh_t1_m05_a04
grade_6,subject_pe_health,term_1,g6_peh_t1_m05,Invasion Game Commons,SCN_G6_PEH_T1_M05_InvasionGameCommons,g6_peh_t1_m05_a03,3,Active Living Match,resolve_and_master,ZONE_A03_ActiveLivingMatch,g6_peh_t1_m05_a05
grade_6,subject_pe_health,term_2,g6_peh_t2_m01,The Choice Compass,SCN_G6_PEH_T2_M01_TheChoiceCompass,g6_peh_t2_m01_a01,1,Goals Gate,discover_and_connect,ZONE_A01_GoalsGate,g6_peh_t2_m01_a01|g6_peh_t2_m01_a02
grade_6,subject_pe_health,term_2,g6_peh_t2_m01,The Choice Compass,SCN_G6_PEH_T2_M01_TheChoiceCompass,g6_peh_t2_m01_a02,2,Boundary Bridge,practice_and_apply,ZONE_A02_BoundaryBridge,g6_peh_t2_m01_a03|g6_peh_t2_m01_a04
grade_6,subject_pe_health,term_2,g6_peh_t2_m01,The Choice Compass,SCN_G6_PEH_T2_M01_TheChoiceCompass,g6_peh_t2_m01_a03,3,Support Beacon,resolve_and_master,ZONE_A03_SupportBeacon,g6_peh_t2_m01_a05
grade_6,subject_pe_health,term_2,g6_peh_t2_m02,The Trusted Information Hall,SCN_G6_PEH_T2_M02_TheTrustedInformationHall,g6_peh_t2_m02_a01,1,Myth Screen,discover_and_connect,ZONE_A01_MythScreen,g6_peh_t2_m02_a01|g6_peh_t2_m02_a02
grade_6,subject_pe_health,term_2,g6_peh_t2_m02,The Trusted Information Hall,SCN_G6_PEH_T2_M02_TheTrustedInformationHall,g6_peh_t2_m02_a02,2,Respect Desk,practice_and_apply,ZONE_A02_RespectDesk,g6_peh_t2_m02_a03|g6_peh_t2_m02_a04
grade_6,subject_pe_health,term_2,g6_peh_t2_m02,The Trusted Information Hall,SCN_G6_PEH_T2_M02_TheTrustedInformationHall,g6_peh_t2_m02_a03,3,Decision Board,resolve_and_master,ZONE_A03_DecisionBoard,g6_peh_t2_m02_a05
grade_6,subject_pe_health,term_2,g6_peh_t2_m03,The Family Support Circle,SCN_G6_PEH_T2_M03_TheFamilySupportCircle,g6_peh_t2_m03_a01,1,Listening Circle,discover_and_connect,ZONE_A01_ListeningCircle,g6_peh_t2_m03_a01|g6_peh_t2_m03_a02
grade_6,subject_pe_health,term_2,g6_peh_t2_m03,The Family Support Circle,SCN_G6_PEH_T2_M03_TheFamilySupportCircle,g6_peh_t2_m03_a02,2,Question Path,practice_and_apply,ZONE_A02_QuestionPath,g6_peh_t2_m03_a03|g6_peh_t2_m03_a04
grade_6,subject_pe_health,term_2,g6_peh_t2_m03,The Family Support Circle,SCN_G6_PEH_T2_M03_TheFamilySupportCircle,g6_peh_t2_m03_a03,3,Family Plan,resolve_and_master,ZONE_A03_FamilyPlan,g6_peh_t2_m03_a05
grade_6,subject_pe_health,term_2,g6_peh_t2_m04,Fielding Futures,SCN_G6_PEH_T2_M04_FieldingFutures,g6_peh_t2_m04_a01,1,Strike Lab,discover_and_connect,ZONE_A01_StrikeLab,g6_peh_t2_m04_a01|g6_peh_t2_m04_a02
grade_6,subject_pe_health,term_2,g6_peh_t2_m04,Fielding Futures,SCN_G6_PEH_T2_M04_FieldingFutures,g6_peh_t2_m04_a02,2,Fielding Shape,practice_and_apply,ZONE_A02_FieldingShape,g6_peh_t2_m04_a03|g6_peh_t2_m04_a04
grade_6,subject_pe_health,term_2,g6_peh_t2_m04,Fielding Futures,SCN_G6_PEH_T2_M04_FieldingFutures,g6_peh_t2_m04_a03,3,Modified Match,resolve_and_master,ZONE_A03_ModifiedMatch,g6_peh_t2_m04_a05
grade_6,subject_pe_health,term_2,g6_peh_t2_m05,Net/Wall Resolve,SCN_G6_PEH_T2_M05_NetWallResolve,g6_peh_t2_m05_a01,1,Ready Position,discover_and_connect,ZONE_A01_ReadyPosition,g6_peh_t2_m05_a01|g6_peh_t2_m05_a02
grade_6,subject_pe_health,term_2,g6_peh_t2_m05,Net/Wall Resolve,SCN_G6_PEH_T2_M05_NetWallResolve,g6_peh_t2_m05_a02,2,Rally Court,practice_and_apply,ZONE_A02_RallyCourt,g6_peh_t2_m05_a03|g6_peh_t2_m05_a04
grade_6,subject_pe_health,term_2,g6_peh_t2_m05,Net/Wall Resolve,SCN_G6_PEH_T2_M05_NetWallResolve,g6_peh_t2_m05_a03,3,Final Match,resolve_and_master,ZONE_A03_FinalMatch,g6_peh_t2_m05_a05
grade_6,subject_pe_health,term_3,g6_peh_t3_m01,Chain of Transmission,SCN_G6_PEH_T3_M01_ChainOfTransmission,g6_peh_t3_m01_a01,1,Source Station,discover_and_connect,ZONE_A01_SourceStation,g6_peh_t3_m01_a01|g6_peh_t3_m01_a02
grade_6,subject_pe_health,term_3,g6_peh_t3_m01,Chain of Transmission,SCN_G6_PEH_T3_M01_ChainOfTransmission,g6_peh_t3_m01_a02,2,Entry Gate,practice_and_apply,ZONE_A02_EntryGate,g6_peh_t3_m01_a03|g6_peh_t3_m01_a04
grade_6,subject_pe_health,term_3,g6_peh_t3_m01,Chain of Transmission,SCN_G6_PEH_T3_M01_ChainOfTransmission,g6_peh_t3_m01_a03,3,Chain Map,resolve_and_master,ZONE_A03_ChainMap,g6_peh_t3_m01_a05
grade_6,subject_pe_health,term_3,g6_peh_t3_m02,Prevention Patrol,SCN_G6_PEH_T3_M02_PreventionPatrol,g6_peh_t3_m02_a01,1,Hand and Respiratory Station,discover_and_connect,ZONE_A01_HandAndRespiratoryStation,g6_peh_t3_m02_a01|g6_peh_t3_m02_a02
grade_6,subject_pe_health,term_3,g6_peh_t3_m02,Prevention Patrol,SCN_G6_PEH_T3_M02_PreventionPatrol,g6_peh_t3_m02_a02,2,Vaccination and Health Guidance Desk,practice_and_apply,ZONE_A02_VaccinationAndHealthGuidanceDesk,g6_peh_t3_m02_a03|g6_peh_t3_m02_a04
grade_6,subject_pe_health,term_3,g6_peh_t3_m02,Prevention Patrol,SCN_G6_PEH_T3_M02_PreventionPatrol,g6_peh_t3_m02_a03,3,Misinformation Watch,resolve_and_master,ZONE_A03_MisinformationWatch,g6_peh_t3_m02_a05
grade_6,subject_pe_health,term_3,g6_peh_t3_m03,The One Health Marsh,SCN_G6_PEH_T3_M03_TheOneHealthMarsh,g6_peh_t3_m03_a01,1,Human Health Bank,discover_and_connect,ZONE_A01_HumanHealthBank,g6_peh_t3_m03_a01|g6_peh_t3_m03_a02
grade_6,subject_pe_health,term_3,g6_peh_t3_m03,The One Health Marsh,SCN_G6_PEH_T3_M03_TheOneHealthMarsh,g6_peh_t3_m03_a02,2,Environment Channel,practice_and_apply,ZONE_A02_EnvironmentChannel,g6_peh_t3_m03_a03|g6_peh_t3_m03_a04
grade_6,subject_pe_health,term_3,g6_peh_t3_m03,The One Health Marsh,SCN_G6_PEH_T3_M03_TheOneHealthMarsh,g6_peh_t3_m03_a03,3,Solution Lab,resolve_and_master,ZONE_A03_SolutionLab,g6_peh_t3_m03_a05
grade_6,subject_pe_health,term_3,g6_peh_t3_m04,Sanitation Summit,SCN_G6_PEH_T3_M04_SanitationSummit,g6_peh_t3_m04_a01,1,Waste Station,discover_and_connect,ZONE_A01_WasteStation,g6_peh_t3_m04_a01|g6_peh_t3_m04_a02
grade_6,subject_pe_health,term_3,g6_peh_t3_m04,Sanitation Summit,SCN_G6_PEH_T3_M04_SanitationSummit,g6_peh_t3_m04_a02,2,Vector Control Station,practice_and_apply,ZONE_A02_VectorControlStation,g6_peh_t3_m04_a03|g6_peh_t3_m04_a04
grade_6,subject_pe_health,term_3,g6_peh_t3_m04,Sanitation Summit,SCN_G6_PEH_T3_M04_SanitationSummit,g6_peh_t3_m04_a03,3,Monitoring Board,resolve_and_master,ZONE_A03_MonitoringBoard,g6_peh_t3_m04_a05
grade_6,subject_pe_health,term_3,g6_peh_t3_m05,Community Dance Leadership,SCN_G6_PEH_T3_M05_CommunityDanceLeadership,g6_peh_t3_m05_a01,1,Warm-Up Circle,discover_and_connect,ZONE_A01_WarmUpCircle,g6_peh_t3_m05_a01|g6_peh_t3_m05_a02
grade_6,subject_pe_health,term_3,g6_peh_t3_m05,Community Dance Leadership,SCN_G6_PEH_T3_M05_CommunityDanceLeadership,g6_peh_t3_m05_a02,2,Formation Lab,practice_and_apply,ZONE_A02_FormationLab,g6_peh_t3_m05_a03|g6_peh_t3_m05_a04
grade_6,subject_pe_health,term_3,g6_peh_t3_m05,Community Dance Leadership,SCN_G6_PEH_T3_M05_CommunityDanceLeadership,g6_peh_t3_m05_a03,3,Community Performance,resolve_and_master,ZONE_A03_CommunityPerformance,g6_peh_t3_m05_a05
grade_6,subject_science,term_1,g6_sci_t1_m01,The Frozen Flowchart,SCN_G6_SCI_T1_M01_TheFrozenFlowchart,g6_sci_t1_m01_a01,1,Melting Chamber,discover_and_connect,ZONE_A01_MeltingChamber,g6_sci_t1_m01_a01|g6_sci_t1_m01_a02
grade_6,subject_science,term_1,g6_sci_t1_m01,The Frozen Flowchart,SCN_G6_SCI_T1_M01_TheFrozenFlowchart,g6_sci_t1_m01_a02,2,Condensation Tunnel,practice_and_apply,ZONE_A02_CondensationTunnel,g6_sci_t1_m01_a03|g6_sci_t1_m01_a04
grade_6,subject_science,term_1,g6_sci_t1_m01,The Frozen Flowchart,SCN_G6_SCI_T1_M01_TheFrozenFlowchart,g6_sci_t1_m01_a03,3,Flowchart Core,resolve_and_master,ZONE_A03_FlowchartCore,g6_sci_t1_m01_a05
grade_6,subject_science,term_1,g6_sci_t1_m02,The Reversible Workshop,SCN_G6_SCI_T1_M02_TheReversibleWorkshop,g6_sci_t1_m02_a01,1,Shape Bench,discover_and_connect,ZONE_A01_ShapeBench,g6_sci_t1_m02_a01|g6_sci_t1_m02_a02
grade_6,subject_science,term_1,g6_sci_t1_m02,The Reversible Workshop,SCN_G6_SCI_T1_M02_TheReversibleWorkshop,g6_sci_t1_m02_a02,2,Reversibility Gate,practice_and_apply,ZONE_A02_ReversibilityGate,g6_sci_t1_m02_a03|g6_sci_t1_m02_a04
grade_6,subject_science,term_1,g6_sci_t1_m02,The Reversible Workshop,SCN_G6_SCI_T1_M02_TheReversibleWorkshop,g6_sci_t1_m02_a03,3,Air Map,resolve_and_master,ZONE_A03_AirMap,g6_sci_t1_m02_a05
grade_6,subject_science,term_1,g6_sci_t1_m03,The Separation Market,SCN_G6_SCI_T1_M03_TheSeparationMarket,g6_sci_t1_m03_a01,1,Hand Separation Stall,discover_and_connect,ZONE_A01_HandSeparationStall,g6_sci_t1_m03_a01|g6_sci_t1_m03_a02
grade_6,subject_science,term_1,g6_sci_t1_m03,The Separation Market,SCN_G6_SCI_T1_M03_TheSeparationMarket,g6_sci_t1_m03_a02,2,Magnet Stall,practice_and_apply,ZONE_A02_MagnetStall,g6_sci_t1_m03_a03|g6_sci_t1_m03_a04
grade_6,subject_science,term_1,g6_sci_t1_m03,The Separation Market,SCN_G6_SCI_T1_M03_TheSeparationMarket,g6_sci_t1_m03_a03,3,Evaporation Stall,resolve_and_master,ZONE_A03_EvaporationStall,g6_sci_t1_m03_a05
grade_6,subject_science,term_1,g6_sci_t1_m04,The Fair Test Foundry,SCN_G6_SCI_T1_M04_TheFairTestFoundry,g6_sci_t1_m04_a01,1,Question Forge,discover_and_connect,ZONE_A01_QuestionForge,g6_sci_t1_m04_a01|g6_sci_t1_m04_a02
grade_6,subject_science,term_1,g6_sci_t1_m04,The Fair Test Foundry,SCN_G6_SCI_T1_M04_TheFairTestFoundry,g6_sci_t1_m04_a02,2,Measurement Bench,practice_and_apply,ZONE_A02_MeasurementBench,g6_sci_t1_m04_a03|g6_sci_t1_m04_a04
grade_6,subject_science,term_1,g6_sci_t1_m04,The Fair Test Foundry,SCN_G6_SCI_T1_M04_TheFairTestFoundry,g6_sci_t1_m04_a03,3,Evidence Press,resolve_and_master,ZONE_A03_EvidencePress,g6_sci_t1_m04_a05
grade_6,subject_science,term_1,g6_sci_t1_m05,The Living Systems Conservatory,SCN_G6_SCI_T1_M05_TheLivingSystemsConservatory,g6_sci_t1_m05_a01,1,Circulation Gallery,discover_and_connect,ZONE_A01_CirculationGallery,g6_sci_t1_m05_a01|g6_sci_t1_m05_a02
grade_6,subject_science,term_1,g6_sci_t1_m05,The Living Systems Conservatory,SCN_G6_SCI_T1_M05_TheLivingSystemsConservatory,g6_sci_t1_m05_a02,2,Propagation Beds,practice_and_apply,ZONE_A02_PropagationBeds,g6_sci_t1_m05_a03|g6_sci_t1_m05_a04
grade_6,subject_science,term_1,g6_sci_t1_m05,The Living Systems Conservatory,SCN_G6_SCI_T1_M05_TheLivingSystemsConservatory,g6_sci_t1_m05_a03,3,Systems Summit,resolve_and_master,ZONE_A03_SystemsSummit,g6_sci_t1_m05_a05
grade_6,subject_science,term_2,g6_sci_t2_m01,The Broken Food Web,SCN_G6_SCI_T2_M01_TheBrokenFoodWeb,g6_sci_t2_m01_a01,1,Producer Meadow,discover_and_connect,ZONE_A01_ProducerMeadow,g6_sci_t2_m01_a01|g6_sci_t2_m01_a02
grade_6,subject_science,term_2,g6_sci_t2_m01,The Broken Food Web,SCN_G6_SCI_T2_M01_TheBrokenFoodWeb,g6_sci_t2_m01_a02,2,Scavenger Ridge,practice_and_apply,ZONE_A02_ScavengerRidge,g6_sci_t2_m01_a03|g6_sci_t2_m01_a04
grade_6,subject_science,term_2,g6_sci_t2_m01,The Broken Food Web,SCN_G6_SCI_T2_M01_TheBrokenFoodWeb,g6_sci_t2_m01_a03,3,Interaction Web,resolve_and_master,ZONE_A03_InteractionWeb,g6_sci_t2_m01_a05
grade_6,subject_science,term_2,g6_sci_t2_m02,The Biotic–Abiotic Basin,SCN_G6_SCI_T2_M02_TheBioticAbioticBasin,g6_sci_t2_m02_a01,1,Living Bank,discover_and_connect,ZONE_A01_LivingBank,g6_sci_t2_m02_a01|g6_sci_t2_m02_a02
grade_6,subject_science,term_2,g6_sci_t2_m02,The Biotic–Abiotic Basin,SCN_G6_SCI_T2_M02_TheBioticAbioticBasin,g6_sci_t2_m02_a02,2,Interaction Channel,practice_and_apply,ZONE_A02_InteractionChannel,g6_sci_t2_m02_a03|g6_sci_t2_m02_a04
grade_6,subject_science,term_2,g6_sci_t2_m02,The Biotic–Abiotic Basin,SCN_G6_SCI_T2_M02_TheBioticAbioticBasin,g6_sci_t2_m02_a03,3,Restoration Plan,resolve_and_master,ZONE_A03_RestorationPlan,g6_sci_t2_m02_a05
grade_6,subject_science,term_2,g6_sci_t2_m03,The Machine Village,SCN_G6_SCI_T2_M03_TheMachineVillage,g6_sci_t2_m03_a01,1,Inclined Plane Road,discover_and_connect,ZONE_A01_InclinedPlaneRoad,g6_sci_t2_m03_a01|g6_sci_t2_m03_a02
grade_6,subject_science,term_2,g6_sci_t2_m03,The Machine Village,SCN_G6_SCI_T2_M03_TheMachineVillage,g6_sci_t2_m03_a02,2,Lever Workshop,practice_and_apply,ZONE_A02_LeverWorkshop,g6_sci_t2_m03_a03|g6_sci_t2_m03_a04
grade_6,subject_science,term_2,g6_sci_t2_m03,The Machine Village,SCN_G6_SCI_T2_M03_TheMachineVillage,g6_sci_t2_m03_a03,3,Design Desk,resolve_and_master,ZONE_A03_DesignDesk,g6_sci_t2_m03_a05
grade_6,subject_science,term_2,g6_sci_t2_m04,The Lever and Wave Crossing,SCN_G6_SCI_T2_M04_TheLeverAndWaveCrossing,g6_sci_t2_m04_a01,1,Lever Question,discover_and_connect,ZONE_A01_LeverQuestion,g6_sci_t2_m04_a01|g6_sci_t2_m04_a02
grade_6,subject_science,term_2,g6_sci_t2_m04,The Lever and Wave Crossing,SCN_G6_SCI_T2_M04_TheLeverAndWaveCrossing,g6_sci_t2_m04_a02,2,Energy Drop,practice_and_apply,ZONE_A02_EnergyDrop,g6_sci_t2_m04_a03|g6_sci_t2_m04_a04
grade_6,subject_science,term_2,g6_sci_t2_m04,The Lever and Wave Crossing,SCN_G6_SCI_T2_M04_TheLeverAndWaveCrossing,g6_sci_t2_m04_a03,3,Crossing Control,resolve_and_master,ZONE_A03_CrossingControl,g6_sci_t2_m04_a05
grade_6,subject_science,term_2,g6_sci_t2_m05,The Ripple Research Center,SCN_G6_SCI_T2_M05_TheRippleResearchCenter,g6_sci_t2_m05_a01,1,Crest Lab,discover_and_connect,ZONE_A01_CrestLab,g6_sci_t2_m05_a01|g6_sci_t2_m05_a02
grade_6,subject_science,term_2,g6_sci_t2_m05,The Ripple Research Center,SCN_G6_SCI_T2_M05_TheRippleResearchCenter,g6_sci_t2_m05_a02,2,Frequency Clock,practice_and_apply,ZONE_A02_FrequencyClock,g6_sci_t2_m05_a03|g6_sci_t2_m05_a04
grade_6,subject_science,term_2,g6_sci_t2_m05,The Ripple Research Center,SCN_G6_SCI_T2_M05_TheRippleResearchCenter,g6_sci_t2_m05_a03,3,Research Console,resolve_and_master,ZONE_A03_ResearchConsole,g6_sci_t2_m05_a05
grade_6,subject_science,term_3,g6_sci_t3_m01,The Moving Sound Canyon,SCN_G6_SCI_T3_M01_TheMovingSoundCanyon,g6_sci_t3_m01_a01,1,Rope Ridge,discover_and_connect,ZONE_A01_RopeRidge,g6_sci_t3_m01_a01|g6_sci_t3_m01_a02
grade_6,subject_science,term_3,g6_sci_t3_m01,The Moving Sound Canyon,SCN_G6_SCI_T3_M01_TheMovingSoundCanyon,g6_sci_t3_m01_a02,2,Energy Marker,practice_and_apply,ZONE_A02_EnergyMarker,g6_sci_t3_m01_a03|g6_sci_t3_m01_a04
grade_6,subject_science,term_3,g6_sci_t3_m01,The Moving Sound Canyon,SCN_G6_SCI_T3_M01_TheMovingSoundCanyon,g6_sci_t3_m01_a03,3,Recede Track,resolve_and_master,ZONE_A03_RecedeTrack,g6_sci_t3_m01_a05
grade_6,subject_science,term_3,g6_sci_t3_m02,The Volcano Formation Map,SCN_G6_SCI_T3_M02_TheVolcanoFormationMap,g6_sci_t3_m02_a01,1,Crust Model,discover_and_connect,ZONE_A01_CrustModel,g6_sci_t3_m02_a01|g6_sci_t3_m02_a02
grade_6,subject_science,term_3,g6_sci_t3_m02,The Volcano Formation Map,SCN_G6_SCI_T3_M02_TheVolcanoFormationMap,g6_sci_t3_m02_a02,2,Reliable Source Desk,practice_and_apply,ZONE_A02_ReliableSourceDesk,g6_sci_t3_m02_a03|g6_sci_t3_m02_a04
grade_6,subject_science,term_3,g6_sci_t3_m02,The Volcano Formation Map,SCN_G6_SCI_T3_M02_TheVolcanoFormationMap,g6_sci_t3_m02_a03,3,Risk Zone Workshop,resolve_and_master,ZONE_A03_RiskZoneWorkshop,g6_sci_t3_m02_a05
grade_6,subject_science,term_3,g6_sci_t3_m03,The Eruption Evidence Archive,SCN_G6_SCI_T3_M03_TheEruptionEvidenceArchive,g6_sci_t3_m03_a01,1,Timeline Desk,discover_and_connect,ZONE_A01_TimelineDesk,g6_sci_t3_m03_a01|g6_sci_t3_m03_a02
grade_6,subject_science,term_3,g6_sci_t3_m03,The Eruption Evidence Archive,SCN_G6_SCI_T3_M03_TheEruptionEvidenceArchive,g6_sci_t3_m03_a02,2,Community Memory Booth,practice_and_apply,ZONE_A02_CommunityMemoryBooth,g6_sci_t3_m03_a03|g6_sci_t3_m03_a04
grade_6,subject_science,term_3,g6_sci_t3_m03,The Eruption Evidence Archive,SCN_G6_SCI_T3_M03_TheEruptionEvidenceArchive,g6_sci_t3_m03_a03,3,Uncertainty Board,resolve_and_master,ZONE_A03_UncertaintyBoard,g6_sci_t3_m03_a05
grade_6,subject_science,term_3,g6_sci_t3_m04,The Alert Level Command Center,SCN_G6_SCI_T3_M04_TheAlertLevelCommandCenter,g6_sci_t3_m04_a01,1,Monitoring Screen,discover_and_connect,ZONE_A01_MonitoringScreen,g6_sci_t3_m04_a01|g6_sci_t3_m04_a02
grade_6,subject_science,term_3,g6_sci_t3_m04,The Alert Level Command Center,SCN_G6_SCI_T3_M04_TheAlertLevelCommandCenter,g6_sci_t3_m04_a02,2,Escalation Desk,practice_and_apply,ZONE_A02_EscalationDesk,g6_sci_t3_m04_a03|g6_sci_t3_m04_a04
grade_6,subject_science,term_3,g6_sci_t3_m04,The Alert Level Command Center,SCN_G6_SCI_T3_M04_TheAlertLevelCommandCenter,g6_sci_t3_m04_a03,3,After Clearance,resolve_and_master,ZONE_A03_AfterClearance,g6_sci_t3_m04_a05
grade_6,subject_science,term_3,g6_sci_t3_m05,The Seasonal Sky Observatory,SCN_G6_SCI_T3_M05_TheSeasonalSkyObservatory,g6_sci_t3_m05_a01,1,Season Deck,discover_and_connect,ZONE_A01_SeasonDeck,g6_sci_t3_m05_a01|g6_sci_t3_m05_a02
grade_6,subject_science,term_3,g6_sci_t3_m05,The Seasonal Sky Observatory,SCN_G6_SCI_T3_M05_TheSeasonalSkyObservatory,g6_sci_t3_m05_a02,2,System Model,practice_and_apply,ZONE_A02_SystemModel,g6_sci_t3_m05_a03|g6_sci_t3_m05_a04
grade_6,subject_science,term_3,g6_sci_t3_m05,The Seasonal Sky Observatory,SCN_G6_SCI_T3_M05_TheSeasonalSkyObservatory,g6_sci_t3_m05_a03,3,Constellation Council,resolve_and_master,ZONE_A03_ConstellationCouncil,g6_sci_t3_m05_a05
